event,call_index,j,tries,side,extra,dt
rr_cpp_ext,1,"-","-",proc,degU=10;degM=11,8.6e-05
rr_cpp,1,1,1,loop,Ratrecon1_total,0.000459
rr_map,1,1,1,loop,Maple_Ratrecon,0.000371
rr_cpp_ext,2,"-","-",proc,degU=10;degM=11,3.6e-05
rr_cpp,2,2,1,loop,Ratrecon1_total,0.000226
rr_map,2,2,1,loop,Maple_Ratrecon,0.00015
rr_cpp_ext,3,"-","-",proc,degU=10;degM=11,3.4e-05
rr_cpp,3,3,1,loop,Ratrecon1_total,0.000238
rr_map,3,3,1,loop,Maple_Ratrecon,0.000181
rr_cpp_ext,4,"-","-",proc,degU=10;degM=11,4.4e-05
rr_cpp,4,4,1,loop,Ratrecon1_total,0.000274
rr_map,4,4,1,loop,Maple_Ratrecon,0.000187
rr_cpp_ext,5,"-","-",proc,degU=10;degM=11,4.8e-05
rr_cpp,5,5,1,loop,Ratrecon1_total,0.00031
rr_map,5,5,1,loop,Maple_Ratrecon,0.000256
rr_cpp_ext,6,"-","-",proc,degU=10;degM=11,3.6e-05
rr_cpp,6,6,1,loop,Ratrecon1_total,0.000239
rr_map,6,6,1,loop,Maple_Ratrecon,0.000161
rr_cpp_ext,7,"-","-",proc,degU=10;degM=11,3.4e-05
rr_cpp,7,7,1,loop,Ratrecon1_total,0.000223
rr_map,7,7,1,loop,Maple_Ratrecon,0.000165
rr_cpp_ext,8,"-","-",proc,degU=10;degM=11,4.4e-05
rr_cpp,8,8,1,loop,Ratrecon1_total,0.000375
rr_map,8,8,1,loop,Maple_Ratrecon,0.000213
rr_cpp_ext,9,"-","-",proc,degU=10;degM=11,4.3e-05
rr_cpp,9,9,1,loop,Ratrecon1_total,0.000292
rr_map,9,9,1,loop,Maple_Ratrecon,0.000202
rr_cpp_ext,10,"-","-",proc,degU=10;degM=11,4e-05
rr_cpp,10,10,1,loop,Ratrecon1_total,0.000268
rr_map,10,10,1,loop,Maple_Ratrecon,0.000232
rr_cpp_ext,11,"-","-",proc,degU=10;degM=11,4e-05
rr_cpp,11,11,1,loop,Ratrecon1_total,0.000266
rr_map,11,11,1,loop,Maple_Ratrecon,0.000181
rr_cpp_ext,12,"-","-",proc,degU=10;degM=11,4e-05
rr_cpp,12,12,1,loop,Ratrecon1_total,0.020189
rr_map,12,12,1,loop,Maple_Ratrecon,0.000203
rr_cpp_ext,13,"-","-",proc,degU=10;degM=11,4e-05
rr_cpp,13,13,1,loop,Ratrecon1_total,0.000237
rr_map,13,13,1,loop,Maple_Ratrecon,0.000206
rr_cpp_ext,14,"-","-",proc,degU=10;degM=11,4.5e-05
rr_cpp,14,14,1,loop,Ratrecon1_total,0.000235
rr_map,14,14,1,loop,Maple_Ratrecon,0.000173
rr_cpp_ext,15,"-","-",proc,degU=10;degM=11,3.4e-05
rr_cpp,15,15,1,loop,Ratrecon1_total,0.000226
rr_map,15,15,1,loop,Maple_Ratrecon,0.000177
rr_cpp_ext,16,"-","-",proc,degU=10;degM=11,4.5e-05
rr_cpp,16,16,1,loop,Ratrecon1_total,0.0003
rr_map,16,16,1,loop,Maple_Ratrecon,0.000185
rr_cpp_ext,17,"-","-",proc,degU=10;degM=11,4.1e-05
rr_cpp,17,17,1,loop,Ratrecon1_total,0.00036
rr_map,17,17,1,loop,Maple_Ratrecon,0.000189
rr_cpp_ext,18,"-","-",proc,degU=10;degM=11,4.2e-05
rr_cpp,18,18,1,loop,Ratrecon1_total,0.000289
rr_map,18,18,1,loop,Maple_Ratrecon,0.00017
rr_cpp_ext,19,"-","-",proc,degU=10;degM=11,3.8e-05
rr_cpp,19,19,1,loop,Ratrecon1_total,0.000275
rr_map,19,19,1,loop,Maple_Ratrecon,0.000224
rr_cpp_ext,20,"-","-",proc,degU=10;degM=11,3.9e-05
rr_cpp,20,20,1,loop,Ratrecon1_total,0.000252
rr_map,20,20,1,loop,Maple_Ratrecon,0.000176
rr_cpp_ext,21,"-","-",proc,degU=10;degM=11,3.7e-05
rr_cpp,21,21,1,loop,Ratrecon1_total,0.00024
rr_map,21,21,1,loop,Maple_Ratrecon,0.000182
rr_cpp_ext,22,"-","-",proc,degU=10;degM=11,4.4e-05
rr_cpp,22,22,1,loop,Ratrecon1_total,0.000247
rr_map,22,22,1,loop,Maple_Ratrecon,0.000191
rr_cpp_ext,23,"-","-",proc,degU=10;degM=11,3.5e-05
rr_cpp,23,23,1,loop,Ratrecon1_total,0.000218
rr_map,23,23,1,loop,Maple_Ratrecon,0.000198
rr_cpp_ext,24,"-","-",proc,degU=10;degM=11,3.4e-05
rr_cpp,24,24,1,loop,Ratrecon1_total,0.000222
rr_map,24,24,1,loop,Maple_Ratrecon,0.000174
rr_cpp_ext,25,"-","-",proc,degU=10;degM=11,3.5e-05
rr_cpp,25,25,1,loop,Ratrecon1_total,0.000214
rr_map,25,25,1,loop,Maple_Ratrecon,0.000168
rr_cpp_ext,26,"-","-",proc,degU=10;degM=11,3.4e-05
rr_cpp,26,26,1,loop,Ratrecon1_total,0.000224
rr_map,26,26,1,loop,Maple_Ratrecon,0.000212
rr_cpp_ext,27,"-","-",proc,degU=10;degM=11,3.2e-05
rr_cpp,27,27,1,loop,Ratrecon1_total,0.000211
rr_map,27,27,1,loop,Maple_Ratrecon,0.000213
rr_cpp_ext,28,"-","-",proc,degU=10;degM=11,3.3e-05
rr_cpp,28,28,1,loop,Ratrecon1_total,0.00021
rr_map,28,28,1,loop,Maple_Ratrecon,0.000188
rr_cpp_ext,29,"-","-",proc,degU=10;degM=11,3.4e-05
rr_cpp,29,29,1,loop,Ratrecon1_total,0.000219
rr_map,29,29,1,loop,Maple_Ratrecon,0.000181
rr_cpp_ext,30,"-","-",proc,degU=10;degM=11,3.5e-05
rr_cpp,30,30,1,loop,Ratrecon1_total,0.000218
rr_map,30,30,1,loop,Maple_Ratrecon,0.001561
rr_cpp_ext,31,"-","-",proc,degU=10;degM=11,3.9e-05
rr_cpp,31,31,1,loop,Ratrecon1_total,0.000214
rr_map,31,31,1,loop,Maple_Ratrecon,0.000162
rr_cpp_ext,32,"-","-",proc,degU=10;degM=11,3.8e-05
rr_cpp,32,32,1,loop,Ratrecon1_total,0.000213
rr_map,32,32,1,loop,Maple_Ratrecon,0.000152
rr_cpp_ext,33,"-","-",proc,degU=10;degM=11,3.2e-05
rr_cpp,33,33,1,loop,Ratrecon1_total,0.000206
rr_map,33,33,1,loop,Maple_Ratrecon,0.000172
rr_cpp_ext,34,"-","-",proc,degU=10;degM=11,3.7e-05
rr_cpp,34,34,1,loop,Ratrecon1_total,0.00021
rr_map,34,34,1,loop,Maple_Ratrecon,0.000189
rr_cpp_ext,35,"-","-",proc,degU=10;degM=11,3.3e-05
rr_cpp,35,35,1,loop,Ratrecon1_total,0.000205
rr_map,35,35,1,loop,Maple_Ratrecon,0.000206
rr_cpp_ext,36,"-","-",proc,degU=10;degM=11,3.8e-05
rr_cpp,36,36,1,loop,Ratrecon1_total,0.000205
rr_map,36,36,1,loop,Maple_Ratrecon,0.000191
rr_cpp_ext,37,"-","-",proc,degU=10;degM=11,3.2e-05
rr_cpp,37,37,1,loop,Ratrecon1_total,0.000208
rr_map,37,37,1,loop,Maple_Ratrecon,0.000186
rr_cpp_ext,38,"-","-",proc,degU=10;degM=11,3.3e-05
rr_cpp,38,38,1,loop,Ratrecon1_total,0.000206
rr_map,38,38,1,loop,Maple_Ratrecon,0.000217
rr_cpp_ext,39,"-","-",proc,degU=10;degM=11,3.2e-05
rr_cpp,39,39,1,loop,Ratrecon1_total,0.00022
rr_map,39,39,1,loop,Maple_Ratrecon,0.000187
rr_cpp_ext,40,"-","-",proc,degU=10;degM=11,3.4e-05
rr_cpp,40,40,1,loop,Ratrecon1_total,0.000218
rr_map,40,40,1,loop,Maple_Ratrecon,0.000147
rr_cpp_ext,41,"-","-",proc,degU=10;degM=11,3.3e-05
rr_cpp,41,41,1,loop,Ratrecon1_total,0.000232
rr_map,41,41,1,loop,Maple_Ratrecon,0.000165
rr_cpp_ext,42,"-","-",proc,degU=10;degM=11,3.5e-05
rr_cpp,42,42,1,loop,Ratrecon1_total,0.000217
rr_map,42,42,1,loop,Maple_Ratrecon,0.000148
rr_cpp_ext,43,"-","-",proc,degU=10;degM=11,3.4e-05
rr_cpp,43,43,1,loop,Ratrecon1_total,0.000236
rr_map,43,43,1,loop,Maple_Ratrecon,0.000186
rr_cpp_ext,44,"-","-",proc,degU=10;degM=11,3.3e-05
rr_cpp,44,44,1,loop,Ratrecon1_total,0.000208
rr_map,44,44,1,loop,Maple_Ratrecon,0.000157
rr_cpp_ext,45,"-","-",proc,degU=10;degM=11,3.3e-05
rr_cpp,45,45,1,loop,Ratrecon1_total,0.000223
rr_map,45,45,1,loop,Maple_Ratrecon,0.000153
rr_cpp_ext,46,"-","-",proc,degU=10;degM=11,3.3e-05
rr_cpp,46,46,1,loop,Ratrecon1_total,0.000205
rr_map,46,46,1,loop,Maple_Ratrecon,0.000227
rr_cpp_ext,47,"-","-",proc,degU=10;degM=11,3.8e-05
rr_cpp,47,47,1,loop,Ratrecon1_total,0.000228
rr_map,47,47,1,loop,Maple_Ratrecon,0.00017
rr_cpp_ext,48,"-","-",proc,degU=10;degM=11,3.6e-05
rr_cpp,48,48,1,loop,Ratrecon1_total,0.000214
rr_map,48,48,1,loop,Maple_Ratrecon,0.000151
rr_cpp_ext,49,"-","-",proc,degU=10;degM=11,3.4e-05
rr_cpp,49,49,1,loop,Ratrecon1_total,0.000214
rr_map,49,49,1,loop,Maple_Ratrecon,0.000162
rr_cpp_ext,50,"-","-",proc,degU=10;degM=11,3.7e-05
rr_cpp,50,50,1,loop,Ratrecon1_total,0.000214
rr_map,50,50,1,loop,Maple_Ratrecon,0.000157
rr_cpp_ext,51,"-","-",proc,degU=10;degM=11,3.3e-05
rr_cpp,51,51,1,loop,Ratrecon1_total,0.000208
rr_map,51,51,1,loop,Maple_Ratrecon,0.000189
rr_cpp_ext,52,"-","-",proc,degU=10;degM=11,3.4e-05
rr_cpp,52,52,1,loop,Ratrecon1_total,0.000211
rr_map,52,52,1,loop,Maple_Ratrecon,0.000209
rr_cpp_ext,53,"-","-",proc,degU=10;degM=11,3.3e-05
rr_cpp,53,53,1,loop,Ratrecon1_total,0.000214
rr_map,53,53,1,loop,Maple_Ratrecon,0.00018
rr_cpp_ext,54,"-","-",proc,degU=10;degM=11,3.2e-05
rr_cpp,54,54,1,loop,Ratrecon1_total,0.000213
rr_map,54,54,1,loop,Maple_Ratrecon,0.000181
rr_cpp_ext,55,"-","-",proc,degU=10;degM=11,3.2e-05
rr_cpp,55,55,1,loop,Ratrecon1_total,0.000215
rr_map,55,55,1,loop,Maple_Ratrecon,0.000206
rr_cpp_ext,56,"-","-",proc,degU=10;degM=11,3.6e-05
rr_cpp,56,56,1,loop,Ratrecon1_total,0.00021
rr_map,56,56,1,loop,Maple_Ratrecon,0.000189
rr_cpp_ext,57,"-","-",proc,degU=10;degM=11,3.2e-05
rr_cpp,57,57,1,loop,Ratrecon1_total,0.000209
rr_map,57,57,1,loop,Maple_Ratrecon,0.000176
rr_cpp_ext,58,"-","-",proc,degU=10;degM=11,3.4e-05
rr_cpp,58,58,1,loop,Ratrecon1_total,0.000221
rr_map,58,58,1,loop,Maple_Ratrecon,0.000157
rr_cpp_ext,59,"-","-",proc,degU=10;degM=11,3.8e-05
rr_cpp,59,59,1,loop,Ratrecon1_total,0.000207
rr_map,59,59,1,loop,Maple_Ratrecon,0.000181
rr_cpp_ext,60,"-","-",proc,degU=10;degM=11,3.3e-05
rr_cpp,60,60,1,loop,Ratrecon1_total,0.000205
rr_map,60,60,1,loop,Maple_Ratrecon,0.00016
rr_cpp_ext,61,"-","-",proc,degU=10;degM=11,3.2e-05
rr_cpp,61,61,1,loop,Ratrecon1_total,0.000202
rr_map,61,61,1,loop,Maple_Ratrecon,0.000184
rr_cpp_ext,62,"-","-",proc,degU=10;degM=11,3.3e-05
rr_cpp,62,62,1,loop,Ratrecon1_total,0.000205
rr_map,62,62,1,loop,Maple_Ratrecon,0.000191
rr_cpp_ext,63,"-","-",proc,degU=10;degM=11,3.2e-05
rr_cpp,63,63,1,loop,Ratrecon1_total,0.000204
rr_map,63,63,1,loop,Maple_Ratrecon,0.000167
rr_cpp_ext,64,"-","-",proc,degU=10;degM=11,3.3e-05
rr_cpp,64,64,1,loop,Ratrecon1_total,0.000207
rr_map,64,64,1,loop,Maple_Ratrecon,0.00017
rr_cpp_ext,65,"-","-",proc,degU=10;degM=11,3.4e-05
rr_cpp,65,65,1,loop,Ratrecon1_total,0.000208
rr_map,65,65,1,loop,Maple_Ratrecon,0.000191
rr_cpp_ext,66,"-","-",proc,degU=10;degM=11,3.2e-05
rr_cpp,66,66,1,loop,Ratrecon1_total,0.000211
rr_map,66,66,1,loop,Maple_Ratrecon,0.000205
rr_cpp_ext,67,"-","-",proc,degU=10;degM=11,3.8e-05
rr_cpp,67,67,1,loop,Ratrecon1_total,0.000272
rr_map,67,67,1,loop,Maple_Ratrecon,0.000169
rr_cpp_ext,68,"-","-",proc,degU=10;degM=11,3.3e-05
rr_cpp,68,68,1,loop,Ratrecon1_total,0.000214
rr_map,68,68,1,loop,Maple_Ratrecon,0.000159
rr_cpp_ext,69,"-","-",proc,degU=10;degM=11,3.3e-05
rr_cpp,69,69,1,loop,Ratrecon1_total,0.000215
rr_map,69,69,1,loop,Maple_Ratrecon,0.000188
rr_cpp_ext,70,"-","-",proc,degU=10;degM=11,3.4e-05
rr_cpp,70,70,1,loop,Ratrecon1_total,0.000211
rr_map,70,70,1,loop,Maple_Ratrecon,0.000193
rr_cpp_ext,71,"-","-",proc,degU=10;degM=11,3.3e-05
rr_cpp,71,71,1,loop,Ratrecon1_total,0.000217
rr_map,71,71,1,loop,Maple_Ratrecon,0.000215
rr_cpp_ext,72,"-","-",proc,degU=10;degM=11,3.6e-05
rr_cpp,72,72,1,loop,Ratrecon1_total,0.000211
rr_map,72,72,1,loop,Maple_Ratrecon,0.000158
rr_cpp_ext,73,"-","-",proc,degU=10;degM=11,3.2e-05
rr_cpp,73,73,1,loop,Ratrecon1_total,0.000218
rr_map,73,73,1,loop,Maple_Ratrecon,0.000182
rr_cpp_ext,74,"-","-",proc,degU=10;degM=11,3.7e-05
rr_cpp,74,74,1,loop,Ratrecon1_total,0.000211
rr_map,74,74,1,loop,Maple_Ratrecon,0.000186
rr_cpp_ext,75,"-","-",proc,degU=10;degM=11,3.2e-05
rr_cpp,75,75,1,loop,Ratrecon1_total,0.000213
rr_map,75,75,1,loop,Maple_Ratrecon,0.000212
rr_cpp_ext,76,"-","-",proc,degU=10;degM=11,3.3e-05
rr_cpp,76,76,1,loop,Ratrecon1_total,0.000209
rr_map,76,76,1,loop,Maple_Ratrecon,0.00023
rr_cpp_ext,77,"-","-",proc,degU=10;degM=11,3.3e-05
rr_cpp,77,77,1,loop,Ratrecon1_total,0.000215
rr_map,77,77,1,loop,Maple_Ratrecon,0.00017
rr_cpp_ext,78,"-","-",proc,degU=10;degM=11,3.5e-05
rr_cpp,78,78,1,loop,Ratrecon1_total,0.000214
rr_map,78,78,1,loop,Maple_Ratrecon,0.000176
rr_cpp_ext,79,"-","-",proc,degU=10;degM=11,3.3e-05
rr_cpp,79,79,1,loop,Ratrecon1_total,0.00021
rr_map,79,79,1,loop,Maple_Ratrecon,0.000168
rr_cpp_ext,80,"-","-",proc,degU=10;degM=11,3.2e-05
rr_cpp,80,80,1,loop,Ratrecon1_total,0.000206
rr_map,80,80,1,loop,Maple_Ratrecon,0.000203
rr_cpp_ext,81,"-","-",proc,degU=10;degM=11,3.4e-05
rr_cpp,81,81,1,loop,Ratrecon1_total,0.000229
rr_map,81,81,1,loop,Maple_Ratrecon,0.00018
rr_cpp_ext,82,"-","-",proc,degU=10;degM=11,3.3e-05
rr_cpp,82,82,1,loop,Ratrecon1_total,0.000209
rr_map,82,82,1,loop,Maple_Ratrecon,0.000203
rr_cpp_ext,83,"-","-",proc,degU=10;degM=11,3.6e-05
rr_cpp,83,83,1,loop,Ratrecon1_total,0.000248
rr_map,83,83,1,loop,Maple_Ratrecon,0.00018
rr_cpp_ext,84,"-","-",proc,degU=10;degM=11,3.4e-05
rr_cpp,84,84,1,loop,Ratrecon1_total,0.000216
rr_map,84,84,1,loop,Maple_Ratrecon,0.000193
rr_cpp_ext,85,"-","-",proc,degU=10;degM=11,3.3e-05
rr_cpp,85,85,1,loop,Ratrecon1_total,0.000215
rr_map,85,85,1,loop,Maple_Ratrecon,0.000164
rr_cpp_ext,86,"-","-",proc,degU=10;degM=11,3.3e-05
rr_cpp,86,86,1,loop,Ratrecon1_total,0.000225
rr_map,86,86,1,loop,Maple_Ratrecon,0.000214
rr_cpp_ext,87,"-","-",proc,degU=10;degM=11,3.6e-05
rr_cpp,87,87,1,loop,Ratrecon1_total,0.000213
rr_map,87,87,1,loop,Maple_Ratrecon,0.000205
rr_cpp_ext,88,"-","-",proc,degU=10;degM=11,3.3e-05
rr_cpp,88,88,1,loop,Ratrecon1_total,0.000217
rr_map,88,88,1,loop,Maple_Ratrecon,0.000184
rr_cpp_ext,89,"-","-",proc,degU=10;degM=11,3.2e-05
rr_cpp,89,89,1,loop,Ratrecon1_total,0.00023
rr_map,89,89,1,loop,Maple_Ratrecon,0.000171
rr_cpp_ext,90,"-","-",proc,degU=10;degM=11,3.2e-05
rr_cpp,90,90,1,loop,Ratrecon1_total,0.000234
rr_map,90,90,1,loop,Maple_Ratrecon,0.000187
rr_cpp_ext,91,"-","-",proc,degU=10;degM=11,3.2e-05
rr_cpp,91,91,1,loop,Ratrecon1_total,0.000211
rr_map,91,91,1,loop,Maple_Ratrecon,0.000207
rr_cpp_ext,92,"-","-",proc,degU=10;degM=11,3.3e-05
rr_cpp,92,92,1,loop,Ratrecon1_total,0.000226
rr_map,92,92,1,loop,Maple_Ratrecon,0.000219
rr_cpp_ext,93,"-","-",proc,degU=10;degM=11,4e-05
rr_cpp,93,93,1,loop,Ratrecon1_total,0.000278
rr_map,93,93,1,loop,Maple_Ratrecon,0.000205
rr_cpp_ext,94,"-","-",proc,degU=10;degM=11,4.2e-05
rr_cpp,94,94,1,loop,Ratrecon1_total,0.000265
rr_map,94,94,1,loop,Maple_Ratrecon,0.00021
rr_cpp_ext,95,"-","-",proc,degU=10;degM=11,4.6e-05
rr_cpp,95,95,1,loop,Ratrecon1_total,0.000257
rr_map,95,95,1,loop,Maple_Ratrecon,0.000199
rr_cpp_ext,96,"-","-",proc,degU=10;degM=11,3.6e-05
rr_cpp,96,96,1,loop,Ratrecon1_total,0.000232
rr_map,96,96,1,loop,Maple_Ratrecon,0.000178
rr_cpp_ext,97,"-","-",proc,degU=10;degM=11,3.8e-05
rr_cpp,97,97,1,loop,Ratrecon1_total,0.000275
rr_map,97,97,1,loop,Maple_Ratrecon,0.000177
rr_cpp_ext,98,"-","-",proc,degU=10;degM=11,3.8e-05
rr_cpp,98,98,1,loop,Ratrecon1_total,0.000236
rr_map,98,98,1,loop,Maple_Ratrecon,0.000165
rr_cpp_ext,99,"-","-",proc,degU=10;degM=11,6.3e-05
rr_cpp,99,99,1,loop,Ratrecon1_total,0.000253
rr_map,99,99,1,loop,Maple_Ratrecon,0.000193
rr_cpp_ext,100,"-","-",proc,degU=10;degM=11,3.7e-05
rr_cpp,100,100,1,loop,Ratrecon1_total,0.000219
rr_map,100,100,1,loop,Maple_Ratrecon,0.000159
rr_cpp_ext,101,"-","-",proc,degU=10;degM=11,3.5e-05
rr_cpp,101,101,1,loop,Ratrecon1_total,0.000252
rr_map,101,101,1,loop,Maple_Ratrecon,0.000174
rr_cpp_ext,102,"-","-",proc,degU=10;degM=11,4e-05
rr_cpp,102,102,1,loop,Ratrecon1_total,0.000242
rr_map,102,102,1,loop,Maple_Ratrecon,0.000162
rr_cpp_ext,103,"-","-",proc,degU=10;degM=11,4.5e-05
rr_cpp,103,103,1,loop,Ratrecon1_total,0.000255
rr_map,103,103,1,loop,Maple_Ratrecon,0.000168
rr_cpp_ext,104,"-","-",proc,degU=10;degM=11,3.6e-05
rr_cpp,104,104,1,loop,Ratrecon1_total,0.000253
rr_map,104,104,1,loop,Maple_Ratrecon,0.000193
rr_cpp_ext,105,"-","-",proc,degU=10;degM=11,3.9e-05
rr_cpp,105,105,1,loop,Ratrecon1_total,0.000234
rr_map,105,105,1,loop,Maple_Ratrecon,0.000156
rr_cpp_ext,106,"-","-",proc,degU=10;degM=11,3.8e-05
rr_cpp,106,106,1,loop,Ratrecon1_total,0.000242
rr_map,106,106,1,loop,Maple_Ratrecon,0.000174
rr_cpp_ext,107,"-","-",proc,degU=10;degM=11,4e-05
rr_cpp,107,107,1,loop,Ratrecon1_total,0.000251
rr_map,107,107,1,loop,Maple_Ratrecon,0.000164
rr_cpp_ext,108,"-","-",proc,degU=10;degM=11,4.9e-05
rr_cpp,108,108,1,loop,Ratrecon1_total,0.000276
rr_map,108,108,1,loop,Maple_Ratrecon,0.000188
rr_cpp_ext,109,"-","-",proc,degU=10;degM=11,4e-05
rr_cpp,109,109,1,loop,Ratrecon1_total,0.000273
rr_map,109,109,1,loop,Maple_Ratrecon,0.000169
rr_cpp_ext,110,"-","-",proc,degU=10;degM=11,4.3e-05
rr_cpp,110,110,1,loop,Ratrecon1_total,0.000737
rr_map,110,110,1,loop,Maple_Ratrecon,0.000158
rr_cpp_ext,111,"-","-",proc,degU=10;degM=11,5e-05
rr_cpp,111,111,1,loop,Ratrecon1_total,0.000257
rr_map,111,111,1,loop,Maple_Ratrecon,0.000158
rr_cpp_ext,112,"-","-",proc,degU=10;degM=11,3.9e-05
rr_cpp,112,112,1,loop,Ratrecon1_total,0.00023
rr_map,112,112,1,loop,Maple_Ratrecon,0.00016
rr_cpp_ext,113,"-","-",proc,degU=10;degM=11,5.7e-05
rr_cpp,113,113,1,loop,Ratrecon1_total,0.00033
rr_map,113,113,1,loop,Maple_Ratrecon,0.000191
rr_cpp_ext,114,"-","-",proc,degU=10;degM=11,4.3e-05
rr_cpp,114,114,1,loop,Ratrecon1_total,0.000248
rr_map,114,114,1,loop,Maple_Ratrecon,0.000176
rr_cpp_ext,115,"-","-",proc,degU=10;degM=11,4.2e-05
rr_cpp,115,115,1,loop,Ratrecon1_total,0.000255
rr_map,115,115,1,loop,Maple_Ratrecon,0.000174
rr_cpp_ext,116,"-","-",proc,degU=10;degM=11,4.3e-05
rr_cpp,116,116,1,loop,Ratrecon1_total,0.000252
rr_map,116,116,1,loop,Maple_Ratrecon,0.000156
rr_cpp_ext,117,"-","-",proc,degU=10;degM=11,5e-05
rr_cpp,117,117,1,loop,Ratrecon1_total,0.000335
rr_map,117,117,1,loop,Maple_Ratrecon,0.000193
rr_cpp_ext,118,"-","-",proc,degU=10;degM=11,6e-05
rr_cpp,118,118,1,loop,Ratrecon1_total,0.000385
rr_map,118,118,1,loop,Maple_Ratrecon,0.00021
rr_cpp_ext,119,"-","-",proc,degU=10;degM=11,5.5e-05
rr_cpp,119,119,1,loop,Ratrecon1_total,0.000299
rr_map,119,119,1,loop,Maple_Ratrecon,0.00016
rr_cpp_ext,120,"-","-",proc,degU=10;degM=11,4.4e-05
rr_cpp,120,120,1,loop,Ratrecon1_total,0.000298
rr_map,120,120,1,loop,Maple_Ratrecon,0.000155
rr_cpp_ext,121,"-","-",proc,degU=10;degM=11,4.1e-05
rr_cpp,121,121,1,loop,Ratrecon1_total,0.000251
rr_map,121,121,1,loop,Maple_Ratrecon,0.00015
rr_cpp_ext,122,"-","-",proc,degU=10;degM=11,4e-05
rr_cpp,122,122,1,loop,Ratrecon1_total,0.000244
rr_map,122,122,1,loop,Maple_Ratrecon,0.000188
rr_cpp_ext,123,"-","-",proc,degU=10;degM=11,4.9e-05
rr_cpp,123,123,1,loop,Ratrecon1_total,0.000255
rr_map,123,123,1,loop,Maple_Ratrecon,0.000179
rr_cpp_ext,124,"-","-",proc,degU=10;degM=11,3.9e-05
rr_cpp,124,124,1,loop,Ratrecon1_total,0.000231
rr_map,124,124,1,loop,Maple_Ratrecon,0.000182
rr_cpp_ext,125,"-","-",proc,degU=10;degM=11,3.9e-05
rr_cpp,125,125,1,loop,Ratrecon1_total,0.00024
rr_map,125,125,1,loop,Maple_Ratrecon,0.000146
rr_cpp_ext,126,"-","-",proc,degU=10;degM=11,4.2e-05
rr_cpp,126,126,1,loop,Ratrecon1_total,0.000272
rr_map,126,126,1,loop,Maple_Ratrecon,0.000154
rr_cpp_ext,127,"-","-",proc,degU=10;degM=11,4.8e-05
rr_cpp,127,127,1,loop,Ratrecon1_total,0.000257
rr_map,127,127,1,loop,Maple_Ratrecon,0.000163
rr_cpp_ext,128,"-","-",proc,degU=10;degM=11,4.2e-05
rr_cpp,128,128,1,loop,Ratrecon1_total,0.000244
rr_map,128,128,1,loop,Maple_Ratrecon,0.000155
rr_cpp_ext,129,"-","-",proc,degU=10;degM=11,4e-05
rr_cpp,129,129,1,loop,Ratrecon1_total,0.000226
rr_map,129,129,1,loop,Maple_Ratrecon,0.000171
rr_cpp_ext,130,"-","-",proc,degU=10;degM=11,4.3e-05
rr_cpp,130,130,1,loop,Ratrecon1_total,0.000244
rr_map,130,130,1,loop,Maple_Ratrecon,0.000158
rr_cpp_ext,131,"-","-",proc,degU=10;degM=11,4.1e-05
rr_cpp,131,131,1,loop,Ratrecon1_total,0.000235
rr_map,131,131,1,loop,Maple_Ratrecon,0.00017
rr_cpp_ext,132,"-","-",proc,degU=10;degM=11,4.2e-05
rr_cpp,132,132,1,loop,Ratrecon1_total,0.000233
rr_map,132,132,1,loop,Maple_Ratrecon,0.000178
rr_cpp_ext,133,"-","-",proc,degU=10;degM=11,5.9e-05
rr_cpp,133,133,1,loop,Ratrecon1_total,0.000257
rr_map,133,133,1,loop,Maple_Ratrecon,0.000159
rr_cpp_ext,134,"-","-",proc,degU=10;degM=11,3.9e-05
rr_cpp,134,134,1,loop,Ratrecon1_total,0.000234
rr_map,134,134,1,loop,Maple_Ratrecon,0.000178
rr_cpp_ext,135,"-","-",proc,degU=10;degM=11,3.7e-05
rr_cpp,135,135,1,loop,Ratrecon1_total,0.000214
rr_map,135,135,1,loop,Maple_Ratrecon,0.000186
rr_cpp_ext,136,"-","-",proc,degU=10;degM=11,3.6e-05
rr_cpp,136,136,1,loop,Ratrecon1_total,0.000211
rr_map,136,136,1,loop,Maple_Ratrecon,0.000143
rr_cpp_ext,137,"-","-",proc,degU=10;degM=11,3.5e-05
rr_cpp,137,137,1,loop,Ratrecon1_total,0.000202
rr_map,137,137,1,loop,Maple_Ratrecon,0.000161
rr_cpp_ext,138,"-","-",proc,degU=10;degM=11,3.5e-05
rr_cpp,138,138,1,loop,Ratrecon1_total,0.000196
rr_map,138,138,1,loop,Maple_Ratrecon,0.000149
rr_cpp_ext,139,"-","-",proc,degU=10;degM=11,3.6e-05
rr_cpp,139,139,1,loop,Ratrecon1_total,0.000205
rr_map,139,139,1,loop,Maple_Ratrecon,0.000164
rr_cpp_ext,140,"-","-",proc,degU=10;degM=11,3.5e-05
rr_cpp,140,140,1,loop,Ratrecon1_total,0.000194
rr_map,140,140,1,loop,Maple_Ratrecon,0.000154
rr_cpp_ext,141,"-","-",proc,degU=10;degM=11,3.5e-05
rr_cpp,141,141,1,loop,Ratrecon1_total,0.000214
rr_map,141,141,1,loop,Maple_Ratrecon,0.000176
rr_cpp_ext,142,"-","-",proc,degU=10;degM=11,3.4e-05
rr_cpp,142,142,1,loop,Ratrecon1_total,0.000213
rr_map,142,142,1,loop,Maple_Ratrecon,0.000181
rr_cpp_ext,143,"-","-",proc,degU=10;degM=11,3.4e-05
rr_cpp,143,143,1,loop,Ratrecon1_total,0.000201
rr_map,143,143,1,loop,Maple_Ratrecon,0.000144
rr_cpp_ext,144,"-","-",proc,degU=10;degM=11,3.3e-05
rr_cpp,144,144,1,loop,Ratrecon1_total,0.000202
rr_map,144,144,1,loop,Maple_Ratrecon,0.000163
rr_cpp_ext,145,"-","-",proc,degU=10;degM=11,3.3e-05
rr_cpp,145,145,1,loop,Ratrecon1_total,0.000201
rr_map,145,145,1,loop,Maple_Ratrecon,0.000186
rr_cpp_ext,146,"-","-",proc,degU=10;degM=11,4.4e-05
rr_cpp,146,146,1,loop,Ratrecon1_total,0.000269
rr_map,146,146,1,loop,Maple_Ratrecon,0.000161
rr_cpp_ext,147,"-","-",proc,degU=10;degM=11,3.9e-05
rr_cpp,147,147,1,loop,Ratrecon1_total,0.000265
rr_map,147,147,1,loop,Maple_Ratrecon,0.000196
rr_cpp_ext,148,"-","-",proc,degU=10;degM=11,4.7e-05
rr_cpp,148,148,1,loop,Ratrecon1_total,0.000298
rr_map,148,148,1,loop,Maple_Ratrecon,0.000169
rr_cpp_ext,149,"-","-",proc,degU=10;degM=11,4.4e-05
rr_cpp,149,149,1,loop,Ratrecon1_total,0.000269
rr_map,149,149,1,loop,Maple_Ratrecon,0.000166
rr_cpp_ext,150,"-","-",proc,degU=10;degM=11,3.9e-05
rr_cpp,150,150,1,loop,Ratrecon1_total,0.000253
rr_map,150,150,1,loop,Maple_Ratrecon,0.000189
rr_cpp_ext,151,"-","-",proc,degU=10;degM=11,3.7e-05
rr_cpp,151,151,1,loop,Ratrecon1_total,0.000238
rr_map,151,151,1,loop,Maple_Ratrecon,0.000166
rr_cpp_ext,152,"-","-",proc,degU=10;degM=11,3.9e-05
rr_cpp,152,152,1,loop,Ratrecon1_total,0.000239
rr_map,152,152,1,loop,Maple_Ratrecon,0.000209
rr_cpp_ext,153,"-","-",proc,degU=10;degM=11,4e-05
rr_cpp,153,153,1,loop,Ratrecon1_total,0.000256
rr_map,153,153,1,loop,Maple_Ratrecon,0.000164
rr_cpp_ext,154,"-","-",proc,degU=10;degM=11,5.3e-05
rr_cpp,154,154,1,loop,Ratrecon1_total,0.000269
rr_map,154,154,1,loop,Maple_Ratrecon,0.000185
rr_cpp_ext,155,"-","-",proc,degU=10;degM=11,4.7e-05
rr_cpp,155,155,1,loop,Ratrecon1_total,0.000288
rr_map,155,155,1,loop,Maple_Ratrecon,0.000184
rr_cpp_ext,156,"-","-",proc,degU=10;degM=11,3.9e-05
rr_cpp,156,156,1,loop,Ratrecon1_total,0.000246
rr_map,156,156,1,loop,Maple_Ratrecon,0.000183
rr_cpp_ext,157,"-","-",proc,degU=10;degM=11,3.8e-05
rr_cpp,157,157,1,loop,Ratrecon1_total,0.000261
rr_map,157,157,1,loop,Maple_Ratrecon,0.000192
rr_cpp_ext,158,"-","-",proc,degU=10;degM=11,4.1e-05
rr_cpp,158,158,1,loop,Ratrecon1_total,0.000263
rr_map,158,158,1,loop,Maple_Ratrecon,0.000221
rr_cpp_ext,159,"-","-",proc,degU=10;degM=11,3.8e-05
rr_cpp,159,159,1,loop,Ratrecon1_total,0.000255
rr_map,159,159,1,loop,Maple_Ratrecon,0.00017
rr_cpp_ext,160,"-","-",proc,degU=10;degM=11,3.9e-05
rr_cpp,160,160,1,loop,Ratrecon1_total,0.000259
rr_map,160,160,1,loop,Maple_Ratrecon,0.000183
rr_cpp_ext,161,"-","-",proc,degU=10;degM=11,3.8e-05
rr_cpp,161,161,1,loop,Ratrecon1_total,0.000238
rr_map,161,161,1,loop,Maple_Ratrecon,0.000159
rr_cpp_ext,162,"-","-",proc,degU=10;degM=11,3.9e-05
rr_cpp,162,162,1,loop,Ratrecon1_total,0.000242
rr_map,162,162,1,loop,Maple_Ratrecon,0.000221
rr_cpp_ext,163,"-","-",proc,degU=10;degM=11,4.2e-05
rr_cpp,163,163,1,loop,Ratrecon1_total,0.000255
rr_map,163,163,1,loop,Maple_Ratrecon,0.00016
rr_cpp_ext,164,"-","-",proc,degU=10;degM=11,3.8e-05
rr_cpp,164,164,1,loop,Ratrecon1_total,0.000225
rr_map,164,164,1,loop,Maple_Ratrecon,0.000194
rr_cpp_ext,165,"-","-",proc,degU=10;degM=11,3.8e-05
rr_cpp,165,165,1,loop,Ratrecon1_total,0.000257
rr_map,165,165,1,loop,Maple_Ratrecon,0.000192
rr_cpp_ext,166,"-","-",proc,degU=10;degM=11,4.3e-05
rr_cpp,166,166,1,loop,Ratrecon1_total,0.000291
rr_map,166,166,1,loop,Maple_Ratrecon,0.000165
rr_cpp_ext,167,"-","-",proc,degU=10;degM=11,4.7e-05
rr_cpp,167,167,1,loop,Ratrecon1_total,0.000288
rr_map,167,167,1,loop,Maple_Ratrecon,0.00017
rr_cpp_ext,168,"-","-",proc,degU=10;degM=11,4e-05
rr_cpp,168,168,1,loop,Ratrecon1_total,0.000245
rr_map,168,168,1,loop,Maple_Ratrecon,0.000177
rr_cpp_ext,169,"-","-",proc,degU=10;degM=11,3.8e-05
rr_cpp,169,169,1,loop,Ratrecon1_total,0.000222
rr_map,169,169,1,loop,Maple_Ratrecon,0.000166
rr_cpp_ext,170,"-","-",proc,degU=10;degM=11,5.4e-05
rr_cpp,170,170,1,loop,Ratrecon1_total,0.000281
rr_map,170,170,1,loop,Maple_Ratrecon,0.000168
rr_cpp_ext,171,"-","-",proc,degU=10;degM=11,4.4e-05
rr_cpp,171,171,1,loop,Ratrecon1_total,0.000268
rr_map,171,171,1,loop,Maple_Ratrecon,0.000172
rr_cpp_ext,172,"-","-",proc,degU=10;degM=11,4.3e-05
rr_cpp,172,172,1,loop,Ratrecon1_total,0.000265
rr_map,172,172,1,loop,Maple_Ratrecon,0.000183
rr_cpp_ext,173,"-","-",proc,degU=10;degM=11,4.1e-05
rr_cpp,173,173,1,loop,Ratrecon1_total,0.00026
rr_map,173,173,1,loop,Maple_Ratrecon,0.000174
rr_cpp_ext,174,"-","-",proc,degU=10;degM=11,3.8e-05
rr_cpp,174,174,1,loop,Ratrecon1_total,0.000233
rr_map,174,174,1,loop,Maple_Ratrecon,0.000185
rr_cpp_ext,175,"-","-",proc,degU=10;degM=11,3.7e-05
rr_cpp,175,175,1,loop,Ratrecon1_total,0.000249
rr_map,175,175,1,loop,Maple_Ratrecon,0.000178
rr_cpp_ext,176,"-","-",proc,degU=10;degM=11,3.8e-05
rr_cpp,176,176,1,loop,Ratrecon1_total,0.000246
rr_map,176,176,1,loop,Maple_Ratrecon,0.000198
rr_cpp_ext,177,"-","-",proc,degU=10;degM=11,6e-05
rr_cpp,177,177,1,loop,Ratrecon1_total,0.000257
rr_map,177,177,1,loop,Maple_Ratrecon,0.000166
rr_cpp_ext,178,"-","-",proc,degU=10;degM=11,3.9e-05
rr_cpp,178,178,1,loop,Ratrecon1_total,0.00026
rr_map,178,178,1,loop,Maple_Ratrecon,0.000167
rr_cpp_ext,179,"-","-",proc,degU=10;degM=11,3.8e-05
rr_cpp,179,179,1,loop,Ratrecon1_total,0.000258
rr_map,179,179,1,loop,Maple_Ratrecon,0.000215
rr_cpp_ext,180,"-","-",proc,degU=10;degM=11,4.3e-05
rr_cpp,180,180,1,loop,Ratrecon1_total,0.000265
rr_map,180,180,1,loop,Maple_Ratrecon,0.000165
rr_cpp_ext,181,"-","-",proc,degU=10;degM=11,4.1e-05
rr_cpp,181,181,1,loop,Ratrecon1_total,0.000278
rr_map,181,181,1,loop,Maple_Ratrecon,0.000173
rr_cpp_ext,182,"-","-",proc,degU=10;degM=11,4.4e-05
rr_cpp,182,182,1,loop,Ratrecon1_total,0.000277
rr_map,182,182,1,loop,Maple_Ratrecon,0.000168
rr_cpp_ext,183,"-","-",proc,degU=10;degM=11,4.4e-05
rr_cpp,183,183,1,loop,Ratrecon1_total,0.000244
rr_map,183,183,1,loop,Maple_Ratrecon,0.000164
rr_cpp_ext,184,"-","-",proc,degU=10;degM=11,3.8e-05
rr_cpp,184,184,1,loop,Ratrecon1_total,0.000272
rr_map,184,184,1,loop,Maple_Ratrecon,0.000211
rr_cpp_ext,185,"-","-",proc,degU=10;degM=11,3.8e-05
rr_cpp,185,185,1,loop,Ratrecon1_total,0.000261
rr_map,185,185,1,loop,Maple_Ratrecon,0.000177
rr_cpp_ext,186,"-","-",proc,degU=10;degM=11,5.7e-05
rr_cpp,186,186,1,loop,Ratrecon1_total,0.000242
rr_map,186,186,1,loop,Maple_Ratrecon,0.000179
rr_cpp_ext,187,"-","-",proc,degU=10;degM=11,3.9e-05
rr_cpp,187,187,1,loop,Ratrecon1_total,0.000307
rr_map,187,187,1,loop,Maple_Ratrecon,0.000203
rr_cpp_ext,188,"-","-",proc,degU=10;degM=11,3.8e-05
rr_cpp,188,188,1,loop,Ratrecon1_total,0.000286
rr_map,188,188,1,loop,Maple_Ratrecon,0.000167
rr_cpp_ext,189,"-","-",proc,degU=10;degM=11,4e-05
rr_cpp,189,189,1,loop,Ratrecon1_total,0.000245
rr_map,189,189,1,loop,Maple_Ratrecon,0.000167
rr_cpp_ext,190,"-","-",proc,degU=10;degM=11,3.9e-05
rr_cpp,190,190,1,loop,Ratrecon1_total,0.000281
rr_map,190,190,1,loop,Maple_Ratrecon,0.000155
rr_cpp_ext,191,"-","-",proc,degU=10;degM=11,3.9e-05
rr_cpp,191,191,1,loop,Ratrecon1_total,0.000238
rr_map,191,191,1,loop,Maple_Ratrecon,0.000183
rr_cpp_ext,192,"-","-",proc,degU=10;degM=11,4.1e-05
rr_cpp,192,192,1,loop,Ratrecon1_total,0.000267
rr_map,192,192,1,loop,Maple_Ratrecon,0.000199
rr_cpp_ext,193,"-","-",proc,degU=10;degM=11,3.9e-05
rr_cpp,193,193,1,loop,Ratrecon1_total,0.00026
rr_map,193,193,1,loop,Maple_Ratrecon,0.000187
rr_cpp_ext,194,"-","-",proc,degU=10;degM=11,4.2e-05
rr_cpp,194,194,1,loop,Ratrecon1_total,0.00028
rr_map,194,194,1,loop,Maple_Ratrecon,0.00018
rr_cpp_ext,195,"-","-",proc,degU=10;degM=11,3.9e-05
rr_cpp,195,195,1,loop,Ratrecon1_total,0.000262
rr_map,195,195,1,loop,Maple_Ratrecon,0.000185
rr_cpp_ext,196,"-","-",proc,degU=10;degM=11,3.8e-05
rr_cpp,196,196,1,loop,Ratrecon1_total,0.00025
rr_map,196,196,1,loop,Maple_Ratrecon,0.000184
rr_cpp_ext,197,"-","-",proc,degU=10;degM=11,5.7e-05
rr_cpp,197,197,1,loop,Ratrecon1_total,0.00033
rr_map,197,197,1,loop,Maple_Ratrecon,0.000182
rr_cpp_ext,198,"-","-",proc,degU=10;degM=11,4.3e-05
rr_cpp,198,198,1,loop,Ratrecon1_total,0.000285
rr_map,198,198,1,loop,Maple_Ratrecon,0.000206
rr_cpp_ext,199,"-","-",proc,degU=10;degM=11,5.7e-05
rr_cpp,199,199,1,loop,Ratrecon1_total,0.000313
rr_map,199,199,1,loop,Maple_Ratrecon,0.000195
rr_cpp_ext,200,"-","-",proc,degU=10;degM=11,4.1e-05
rr_cpp,200,200,1,loop,Ratrecon1_total,0.000314
rr_map,200,200,1,loop,Maple_Ratrecon,0.000189
rr_cpp_ext,201,"-","-",proc,degU=10;degM=11,4.6e-05
rr_cpp,201,201,1,loop,Ratrecon1_total,0.000291
rr_map,201,201,1,loop,Maple_Ratrecon,0.00018
rr_cpp_ext,202,"-","-",proc,degU=10;degM=11,4.2e-05
rr_cpp,202,202,1,loop,Ratrecon1_total,0.000303
rr_map,202,202,1,loop,Maple_Ratrecon,0.000234
rr_cpp_ext,203,"-","-",proc,degU=10;degM=11,4.1e-05
rr_cpp,203,203,1,loop,Ratrecon1_total,0.000259
rr_map,203,203,1,loop,Maple_Ratrecon,0.0002
rr_cpp_ext,204,"-","-",proc,degU=10;degM=11,4.4e-05
rr_cpp,204,204,1,loop,Ratrecon1_total,0.000303
rr_map,204,204,1,loop,Maple_Ratrecon,0.000178
rr_cpp_ext,205,"-","-",proc,degU=10;degM=11,4.4e-05
rr_cpp,205,205,1,loop,Ratrecon1_total,0.000267
rr_map,205,205,1,loop,Maple_Ratrecon,0.000189
rr_cpp_ext,206,"-","-",proc,degU=10;degM=11,4.2e-05
rr_cpp,206,206,1,loop,Ratrecon1_total,0.000246
rr_map,206,206,1,loop,Maple_Ratrecon,0.000169
rr_cpp_ext,207,"-","-",proc,degU=10;degM=11,4.6e-05
rr_cpp,207,207,1,loop,Ratrecon1_total,0.000315
rr_map,207,207,1,loop,Maple_Ratrecon,0.000272
rr_cpp_ext,208,"-","-",proc,degU=10;degM=11,4.1e-05
rr_cpp,208,208,1,loop,Ratrecon1_total,0.000284
rr_map,208,208,1,loop,Maple_Ratrecon,0.000179
rr_cpp_ext,209,"-","-",proc,degU=10;degM=11,3.4e-05
rr_cpp,209,209,1,loop,Ratrecon1_total,0.000209
rr_map,209,209,1,loop,Maple_Ratrecon,0.000151
rr_cpp_ext,210,"-","-",proc,degU=10;degM=11,3.4e-05
rr_cpp,210,210,1,loop,Ratrecon1_total,0.000203
rr_map,210,210,1,loop,Maple_Ratrecon,0.000173
rr_cpp_ext,211,"-","-",proc,degU=10;degM=11,4.1e-05
rr_cpp,211,211,1,loop,Ratrecon1_total,0.000294
rr_map,211,211,1,loop,Maple_Ratrecon,0.000192
rr_cpp_ext,212,"-","-",proc,degU=10;degM=11,4.2e-05
rr_cpp,212,212,1,loop,Ratrecon1_total,0.000304
rr_map,212,212,1,loop,Maple_Ratrecon,0.000215
rr_cpp_ext,213,"-","-",proc,degU=10;degM=11,7.7e-05
rr_cpp,213,213,1,loop,Ratrecon1_total,0.000296
rr_map,213,213,1,loop,Maple_Ratrecon,0.000241
rr_cpp_ext,214,"-","-",proc,degU=10;degM=11,3.9e-05
rr_cpp,214,214,1,loop,Ratrecon1_total,0.000264
rr_map,214,214,1,loop,Maple_Ratrecon,0.000204
rr_cpp_ext,215,"-","-",proc,degU=10;degM=11,4e-05
rr_cpp,215,215,1,loop,Ratrecon1_total,0.000232
rr_map,215,215,1,loop,Maple_Ratrecon,0.00023
rr_cpp_ext,216,"-","-",proc,degU=10;degM=11,5e-05
rr_cpp,216,216,1,loop,Ratrecon1_total,0.000272
rr_map,216,216,1,loop,Maple_Ratrecon,0.000197
rr_cpp_ext,217,"-","-",proc,degU=10;degM=11,3.6e-05
rr_cpp,217,217,1,loop,Ratrecon1_total,0.000212
rr_map,217,217,1,loop,Maple_Ratrecon,0.000191
rr_cpp_ext,218,"-","-",proc,degU=10;degM=11,3.8e-05
rr_cpp,218,218,1,loop,Ratrecon1_total,0.000214
rr_map,218,218,1,loop,Maple_Ratrecon,0.000202
rr_cpp_ext,219,"-","-",proc,degU=10;degM=11,4.7e-05
rr_cpp,219,219,1,loop,Ratrecon1_total,0.000265
rr_map,219,219,1,loop,Maple_Ratrecon,0.000251
rr_cpp_ext,220,"-","-",proc,degU=10;degM=11,3.5e-05
rr_cpp,220,220,1,loop,Ratrecon1_total,0.000204
rr_map,220,220,1,loop,Maple_Ratrecon,0.000198
rr_cpp_ext,221,"-","-",proc,degU=10;degM=11,3.5e-05
rr_cpp,221,221,1,loop,Ratrecon1_total,0.000224
rr_map,221,221,1,loop,Maple_Ratrecon,0.00019
rr_cpp_ext,222,"-","-",proc,degU=10;degM=11,4.5e-05
rr_cpp,222,222,1,loop,Ratrecon1_total,0.000228
rr_map,222,222,1,loop,Maple_Ratrecon,0.000152
rr_cpp_ext,223,"-","-",proc,degU=10;degM=11,3.4e-05
rr_cpp,223,223,1,loop,Ratrecon1_total,0.000221
rr_map,223,223,1,loop,Maple_Ratrecon,0.000202
rr_cpp_ext,224,"-","-",proc,degU=10;degM=11,3.4e-05
rr_cpp,224,224,1,loop,Ratrecon1_total,0.000209
rr_map,224,224,1,loop,Maple_Ratrecon,0.000175
rr_cpp_ext,225,"-","-",proc,degU=10;degM=11,3.5e-05
rr_cpp,225,225,1,loop,Ratrecon1_total,0.000209
rr_map,225,225,1,loop,Maple_Ratrecon,0.000167
rr_cpp_ext,226,"-","-",proc,degU=10;degM=11,3.6e-05
rr_cpp,226,226,1,loop,Ratrecon1_total,0.000235
rr_map,226,226,1,loop,Maple_Ratrecon,0.000149
rr_cpp_ext,227,"-","-",proc,degU=10;degM=11,3.5e-05
rr_cpp,227,227,1,loop,Ratrecon1_total,0.000224
rr_map,227,227,1,loop,Maple_Ratrecon,0.000181
rr_cpp_ext,228,"-","-",proc,degU=10;degM=11,3.3e-05
rr_cpp,228,228,1,loop,Ratrecon1_total,0.000207
rr_map,228,228,1,loop,Maple_Ratrecon,0.000162
rr_cpp_ext,229,"-","-",proc,degU=10;degM=11,3.4e-05
rr_cpp,229,229,1,loop,Ratrecon1_total,0.000208
rr_map,229,229,1,loop,Maple_Ratrecon,0.000164
rr_cpp_ext,230,"-","-",proc,degU=10;degM=11,3.5e-05
rr_cpp,230,230,1,loop,Ratrecon1_total,0.000207
rr_map,230,230,1,loop,Maple_Ratrecon,0.000181
rr_cpp_ext,231,"-","-",proc,degU=10;degM=11,3.5e-05
rr_cpp,231,231,1,loop,Ratrecon1_total,0.000237
rr_map,231,231,1,loop,Maple_Ratrecon,0.000175
rr_cpp_ext,232,"-","-",proc,degU=10;degM=11,3.5e-05
rr_cpp,232,232,1,loop,Ratrecon1_total,0.000208
rr_map,232,232,1,loop,Maple_Ratrecon,0.0002
rr_cpp_ext,233,"-","-",proc,degU=10;degM=11,3.3e-05
rr_cpp,233,233,1,loop,Ratrecon1_total,0.000203
rr_map,233,233,1,loop,Maple_Ratrecon,0.000165
rr_cpp_ext,234,"-","-",proc,degU=10;degM=11,3.2e-05
rr_cpp,234,234,1,loop,Ratrecon1_total,0.000204
rr_map,234,234,1,loop,Maple_Ratrecon,0.000189
rr_cpp_ext,235,"-","-",proc,degU=10;degM=11,3.3e-05
rr_cpp,235,235,1,loop,Ratrecon1_total,0.000202
rr_map,235,235,1,loop,Maple_Ratrecon,0.000181
rr_cpp_ext,236,"-","-",proc,degU=10;degM=11,3.2e-05
rr_cpp,236,236,1,loop,Ratrecon1_total,0.000202
rr_map,236,236,1,loop,Maple_Ratrecon,0.000192
rr_cpp_ext,237,"-","-",proc,degU=10;degM=11,3.3e-05
rr_cpp,237,237,1,loop,Ratrecon1_total,0.000203
rr_map,237,237,1,loop,Maple_Ratrecon,0.000221
rr_cpp_ext,238,"-","-",proc,degU=10;degM=11,3.4e-05
rr_cpp,238,238,1,loop,Ratrecon1_total,0.000204
rr_map,238,238,1,loop,Maple_Ratrecon,0.000189
rr_cpp_ext,239,"-","-",proc,degU=10;degM=11,3.3e-05
rr_cpp,239,239,1,loop,Ratrecon1_total,0.000217
rr_map,239,239,1,loop,Maple_Ratrecon,0.000189
rr_cpp_ext,240,"-","-",proc,degU=10;degM=11,3.4e-05
rr_cpp,240,240,1,loop,Ratrecon1_total,0.000204
rr_map,240,240,1,loop,Maple_Ratrecon,0.000168
rr_cpp_ext,241,"-","-",proc,degU=10;degM=11,3.2e-05
rr_cpp,241,241,1,loop,Ratrecon1_total,0.000212
rr_map,241,241,1,loop,Maple_Ratrecon,0.00016
rr_cpp_ext,242,"-","-",proc,degU=10;degM=11,3.2e-05
rr_cpp,242,242,1,loop,Ratrecon1_total,0.0002
rr_map,242,242,1,loop,Maple_Ratrecon,0.000173
rr_cpp_ext,243,"-","-",proc,degU=10;degM=11,3.3e-05
rr_cpp,243,243,1,loop,Ratrecon1_total,0.000201
rr_map,243,243,1,loop,Maple_Ratrecon,0.000178
rr_cpp_ext,244,"-","-",proc,degU=10;degM=11,3.2e-05
rr_cpp,244,244,1,loop,Ratrecon1_total,0.000216
rr_map,244,244,1,loop,Maple_Ratrecon,0.000198
rr_cpp_ext,245,"-","-",proc,degU=10;degM=11,3.2e-05
rr_cpp,245,245,1,loop,Ratrecon1_total,0.000227
rr_map,245,245,1,loop,Maple_Ratrecon,0.000178
rr_cpp_ext,246,"-","-",proc,degU=10;degM=11,3.3e-05
rr_cpp,246,246,1,loop,Ratrecon1_total,0.000223
rr_map,246,246,1,loop,Maple_Ratrecon,0.00018
rr_cpp_ext,247,"-","-",proc,degU=10;degM=11,3.4e-05
rr_cpp,247,247,1,loop,Ratrecon1_total,0.000205
rr_map,247,247,1,loop,Maple_Ratrecon,0.0002
rr_cpp_ext,248,"-","-",proc,degU=10;degM=11,3.3e-05
rr_cpp,248,248,1,loop,Ratrecon1_total,0.000202
rr_map,248,248,1,loop,Maple_Ratrecon,0.000214
rr_cpp_ext,249,"-","-",proc,degU=10;degM=11,3.4e-05
rr_cpp,249,249,1,loop,Ratrecon1_total,0.000202
rr_map,249,249,1,loop,Maple_Ratrecon,0.000176
rr_cpp_ext,250,"-","-",proc,degU=10;degM=11,3.5e-05
rr_cpp,250,250,1,loop,Ratrecon1_total,0.000212
rr_map,250,250,1,loop,Maple_Ratrecon,0.000184
rr_cpp_ext,251,"-","-",proc,degU=10;degM=11,3.3e-05
rr_cpp,251,251,1,loop,Ratrecon1_total,0.000204
rr_map,251,251,1,loop,Maple_Ratrecon,0.000199
rr_cpp_ext,252,"-","-",proc,degU=10;degM=11,3.4e-05
rr_cpp,252,252,1,loop,Ratrecon1_total,0.000204
rr_map,252,252,1,loop,Maple_Ratrecon,0.000195
rr_cpp_ext,253,"-","-",proc,degU=10;degM=11,3.2e-05
rr_cpp,253,253,1,loop,Ratrecon1_total,0.000183
rr_map,253,253,1,loop,Maple_Ratrecon,0.000207
rr_cpp_ext,254,"-","-",proc,degU=10;degM=11,3.3e-05
rr_cpp,254,254,1,loop,Ratrecon1_total,0.000205
rr_map,254,254,1,loop,Maple_Ratrecon,0.000169
rr_cpp_ext,255,"-","-",proc,degU=10;degM=11,3.3e-05
rr_cpp,255,255,1,loop,Ratrecon1_total,0.000203
rr_map,255,255,1,loop,Maple_Ratrecon,0.000161
rr_cpp_ext,256,"-","-",proc,degU=10;degM=11,3.4e-05
rr_cpp,256,256,1,loop,Ratrecon1_total,0.000206
rr_map,256,256,1,loop,Maple_Ratrecon,0.000165
rr_cpp_ext,257,"-","-",proc,degU=10;degM=11,3.3e-05
rr_cpp,257,257,1,loop,Ratrecon1_total,0.000209
rr_map,257,257,1,loop,Maple_Ratrecon,0.000178
rr_cpp_ext,258,"-","-",proc,degU=10;degM=11,3.3e-05
rr_cpp,258,258,1,loop,Ratrecon1_total,0.000204
rr_map,258,258,1,loop,Maple_Ratrecon,0.000188
rr_cpp_ext,259,"-","-",proc,degU=10;degM=11,3.3e-05
rr_cpp,259,259,1,loop,Ratrecon1_total,0.000254
rr_map,259,259,1,loop,Maple_Ratrecon,0.000214
rr_cpp_ext,260,"-","-",proc,degU=10;degM=11,3.3e-05
rr_cpp,260,260,1,loop,Ratrecon1_total,0.000205
rr_map,260,260,1,loop,Maple_Ratrecon,0.000201
rr_cpp_ext,261,"-","-",proc,degU=10;degM=11,3.3e-05
rr_cpp,261,261,1,loop,Ratrecon1_total,0.000203
rr_map,261,261,1,loop,Maple_Ratrecon,0.000203
rr_cpp_ext,262,"-","-",proc,degU=10;degM=11,5.5e-05
rr_cpp,262,262,1,loop,Ratrecon1_total,0.000366
rr_map,262,262,1,loop,Maple_Ratrecon,0.000213
rr_cpp_ext,263,"-","-",proc,degU=10;degM=11,3.7e-05
rr_cpp,263,263,1,loop,Ratrecon1_total,0.000263
rr_map,263,263,1,loop,Maple_Ratrecon,0.000208
rr_cpp_ext,264,"-","-",proc,degU=10;degM=11,3.5e-05
rr_cpp,264,264,1,loop,Ratrecon1_total,0.000218
rr_map,264,264,1,loop,Maple_Ratrecon,0.000202
rr_cpp_ext,265,"-","-",proc,degU=10;degM=11,3.5e-05
rr_cpp,265,265,1,loop,Ratrecon1_total,0.000225
rr_map,265,265,1,loop,Maple_Ratrecon,0.000206
rr_cpp_ext,266,"-","-",proc,degU=10;degM=11,4.4e-05
rr_cpp,266,266,1,loop,Ratrecon1_total,0.000221
rr_map,266,266,1,loop,Maple_Ratrecon,0.000171
rr_cpp_ext,267,"-","-",proc,degU=10;degM=11,3.3e-05
rr_cpp,267,267,1,loop,Ratrecon1_total,0.000202
rr_map,267,267,1,loop,Maple_Ratrecon,0.000156
rr_cpp_ext,268,"-","-",proc,degU=10;degM=11,3.3e-05
rr_cpp,268,268,1,loop,Ratrecon1_total,0.000202
rr_map,268,268,1,loop,Maple_Ratrecon,0.000186
rr_cpp_ext,269,"-","-",proc,degU=10;degM=11,3.4e-05
rr_cpp,269,269,1,loop,Ratrecon1_total,0.000203
rr_map,269,269,1,loop,Maple_Ratrecon,0.000178
rr_cpp_ext,270,"-","-",proc,degU=10;degM=11,3.3e-05
rr_cpp,270,270,1,loop,Ratrecon1_total,0.000203
rr_map,270,270,1,loop,Maple_Ratrecon,0.00019
rr_cpp_ext,271,"-","-",proc,degU=10;degM=11,3.2e-05
rr_cpp,271,271,1,loop,Ratrecon1_total,0.000205
rr_map,271,271,1,loop,Maple_Ratrecon,0.000156
rr_cpp_ext,272,"-","-",proc,degU=10;degM=11,3.2e-05
rr_cpp,272,272,1,loop,Ratrecon1_total,0.000196
rr_map,272,272,1,loop,Maple_Ratrecon,0.000176
rr_cpp_ext,273,"-","-",proc,degU=10;degM=11,3.3e-05
rr_cpp,273,273,1,loop,Ratrecon1_total,0.000202
rr_map,273,273,1,loop,Maple_Ratrecon,0.000201
rr_cpp_ext,274,"-","-",proc,degU=10;degM=11,3.3e-05
rr_cpp,274,274,1,loop,Ratrecon1_total,0.000201
rr_map,274,274,1,loop,Maple_Ratrecon,0.000193
rr_cpp_ext,275,"-","-",proc,degU=10;degM=11,3.2e-05
rr_cpp,275,275,1,loop,Ratrecon1_total,0.0002
rr_map,275,275,1,loop,Maple_Ratrecon,0.000193
rr_cpp_ext,276,"-","-",proc,degU=10;degM=11,3.2e-05
rr_cpp,276,276,1,loop,Ratrecon1_total,0.000199
rr_map,276,276,1,loop,Maple_Ratrecon,0.000157
rr_cpp_ext,277,"-","-",proc,degU=10;degM=11,3.3e-05
rr_cpp,277,277,1,loop,Ratrecon1_total,0.000207
rr_map,277,277,1,loop,Maple_Ratrecon,0.000153
rr_cpp_ext,278,"-","-",proc,degU=10;degM=11,3.2e-05
rr_cpp,278,278,1,loop,Ratrecon1_total,0.000228
rr_map,278,278,1,loop,Maple_Ratrecon,0.000186
rr_cpp_ext,279,"-","-",proc,degU=10;degM=11,3.4e-05
rr_cpp,279,279,1,loop,Ratrecon1_total,0.000201
rr_map,279,279,1,loop,Maple_Ratrecon,0.000195
rr_cpp_ext,280,"-","-",proc,degU=10;degM=11,3.2e-05
rr_cpp,280,280,1,loop,Ratrecon1_total,0.000199
rr_map,280,280,1,loop,Maple_Ratrecon,0.000164
rr_cpp_ext,281,"-","-",proc,degU=10;degM=11,3.3e-05
rr_cpp,281,281,1,loop,Ratrecon1_total,0.000202
rr_map,281,281,1,loop,Maple_Ratrecon,0.000213
rr_cpp_ext,282,"-","-",proc,degU=10;degM=11,3.3e-05
rr_cpp,282,282,1,loop,Ratrecon1_total,0.000202
rr_map,282,282,1,loop,Maple_Ratrecon,0.00017
rr_cpp_ext,283,"-","-",proc,degU=10;degM=11,3.2e-05
rr_cpp,283,283,1,loop,Ratrecon1_total,0.0002
rr_map,283,283,1,loop,Maple_Ratrecon,0.000208
rr_cpp_ext,284,"-","-",proc,degU=10;degM=11,3.3e-05
rr_cpp,284,284,1,loop,Ratrecon1_total,0.0002
rr_map,284,284,1,loop,Maple_Ratrecon,0.000208
rr_cpp_ext,285,"-","-",proc,degU=10;degM=11,3.4e-05
rr_cpp,285,285,1,loop,Ratrecon1_total,0.000204
rr_map,285,285,1,loop,Maple_Ratrecon,0.000168
rr_cpp_ext,286,"-","-",proc,degU=10;degM=11,3.3e-05
rr_cpp,286,286,1,loop,Ratrecon1_total,0.000206
rr_map,286,286,1,loop,Maple_Ratrecon,0.000182
rr_cpp_ext,287,"-","-",proc,degU=10;degM=11,3.4e-05
rr_cpp,287,287,1,loop,Ratrecon1_total,0.000229
rr_map,287,287,1,loop,Maple_Ratrecon,0.00016
rr_cpp_ext,288,"-","-",proc,degU=10;degM=11,3.3e-05
rr_cpp,288,288,1,loop,Ratrecon1_total,0.000211
rr_map,288,288,1,loop,Maple_Ratrecon,0.000216
rr_cpp_ext,289,"-","-",proc,degU=10;degM=11,3.3e-05
rr_cpp,289,289,1,loop,Ratrecon1_total,0.000209
rr_map,289,289,1,loop,Maple_Ratrecon,0.000177
rr_cpp_ext,290,"-","-",proc,degU=10;degM=11,3.3e-05
rr_cpp,290,290,1,loop,Ratrecon1_total,0.000219
rr_map,290,290,1,loop,Maple_Ratrecon,0.000201
rr_cpp_ext,291,"-","-",proc,degU=10;degM=11,3.5e-05
rr_cpp,291,291,1,loop,Ratrecon1_total,0.000248
rr_map,291,291,1,loop,Maple_Ratrecon,0.000171
rr_cpp_ext,292,"-","-",proc,degU=10;degM=11,3.6e-05
rr_cpp,292,292,1,loop,Ratrecon1_total,0.000219
rr_map,292,292,1,loop,Maple_Ratrecon,0.000161
rr_cpp_ext,293,"-","-",proc,degU=10;degM=11,4.2e-05
rr_cpp,293,293,1,loop,Ratrecon1_total,0.000282
rr_map,293,293,1,loop,Maple_Ratrecon,0.000202
rr_cpp_ext,294,"-","-",proc,degU=10;degM=11,3.8e-05
rr_cpp,294,294,1,loop,Ratrecon1_total,0.000251
rr_map,294,294,1,loop,Maple_Ratrecon,0.000191
rr_cpp_ext,295,"-","-",proc,degU=10;degM=11,3.7e-05
rr_cpp,295,295,1,loop,Ratrecon1_total,0.000231
rr_map,295,295,1,loop,Maple_Ratrecon,0.000208
rr_cpp_ext,296,"-","-",proc,degU=10;degM=11,3.7e-05
rr_cpp,296,296,1,loop,Ratrecon1_total,0.000215
rr_map,296,296,1,loop,Maple_Ratrecon,0.000189
rr_cpp_ext,297,"-","-",proc,degU=10;degM=11,3.6e-05
rr_cpp,297,297,1,loop,Ratrecon1_total,0.000214
rr_map,297,297,1,loop,Maple_Ratrecon,0.000165
rr_cpp_ext,298,"-","-",proc,degU=10;degM=11,3.5e-05
rr_cpp,298,298,1,loop,Ratrecon1_total,0.000208
rr_map,298,298,1,loop,Maple_Ratrecon,0.000193
rr_cpp_ext,299,"-","-",proc,degU=10;degM=11,3.6e-05
rr_cpp,299,299,1,loop,Ratrecon1_total,0.000207
rr_map,299,299,1,loop,Maple_Ratrecon,0.000171
rr_cpp_ext,300,"-","-",proc,degU=10;degM=11,3.3e-05
rr_cpp,300,300,1,loop,Ratrecon1_total,0.000208
rr_map,300,300,1,loop,Maple_Ratrecon,0.000196
rr_cpp_ext,301,"-","-",proc,degU=10;degM=11,3.4e-05
rr_cpp,301,301,1,loop,Ratrecon1_total,0.000207
rr_map,301,301,1,loop,Maple_Ratrecon,0.000187
rr_cpp_ext,302,"-","-",proc,degU=10;degM=11,3.4e-05
rr_cpp,302,302,1,loop,Ratrecon1_total,0.000205
rr_map,302,302,1,loop,Maple_Ratrecon,0.000186
rr_cpp_ext,303,"-","-",proc,degU=10;degM=11,3.3e-05
rr_cpp,303,303,1,loop,Ratrecon1_total,0.000203
rr_map,303,303,1,loop,Maple_Ratrecon,0.000181
rr_cpp_ext,304,"-","-",proc,degU=10;degM=11,4.2e-05
rr_cpp,304,304,1,loop,Ratrecon1_total,0.000781
rr_map,304,304,1,loop,Maple_Ratrecon,0.000178
rr_cpp_ext,305,"-","-",proc,degU=10;degM=11,4.9e-05
rr_cpp,305,305,1,loop,Ratrecon1_total,0.000258
rr_map,305,305,1,loop,Maple_Ratrecon,0.000161
rr_cpp_ext,306,"-","-",proc,degU=10;degM=11,4.1e-05
rr_cpp,306,306,1,loop,Ratrecon1_total,0.000253
rr_map,306,306,1,loop,Maple_Ratrecon,0.000196
rr_cpp_ext,307,"-","-",proc,degU=10;degM=11,5.9e-05
rr_cpp,307,307,1,loop,Ratrecon1_total,0.000339
rr_map,307,307,1,loop,Maple_Ratrecon,0.000189
rr_cpp_ext,308,"-","-",proc,degU=10;degM=11,4.2e-05
rr_cpp,308,308,1,loop,Ratrecon1_total,0.000281
rr_map,308,308,1,loop,Maple_Ratrecon,0.000183
rr_cpp_ext,309,"-","-",proc,degU=10;degM=11,4.3e-05
rr_cpp,309,309,1,loop,Ratrecon1_total,0.000343
rr_map,309,309,1,loop,Maple_Ratrecon,0.000193
rr_cpp_ext,310,"-","-",proc,degU=10;degM=11,4e-05
rr_cpp,310,310,1,loop,Ratrecon1_total,0.000269
rr_map,310,310,1,loop,Maple_Ratrecon,0.000197
rr_cpp_ext,311,"-","-",proc,degU=10;degM=11,3.8e-05
rr_cpp,311,311,1,loop,Ratrecon1_total,0.000252
rr_map,311,311,1,loop,Maple_Ratrecon,0.000192
rr_cpp_ext,312,"-","-",proc,degU=10;degM=11,3.7e-05
rr_cpp,312,312,1,loop,Ratrecon1_total,0.000218
rr_map,312,312,1,loop,Maple_Ratrecon,0.000178
rr_cpp_ext,313,"-","-",proc,degU=10;degM=11,3.6e-05
rr_cpp,313,313,1,loop,Ratrecon1_total,0.000227
rr_map,313,313,1,loop,Maple_Ratrecon,0.000187
rr_cpp_ext,314,"-","-",proc,degU=10;degM=11,3.6e-05
rr_cpp,314,314,1,loop,Ratrecon1_total,0.000207
rr_map,314,314,1,loop,Maple_Ratrecon,0.000185
rr_cpp_ext,315,"-","-",proc,degU=10;degM=11,3.5e-05
rr_cpp,315,315,1,loop,Ratrecon1_total,0.000208
rr_map,315,315,1,loop,Maple_Ratrecon,0.000177
rr_cpp_ext,316,"-","-",proc,degU=10;degM=11,3.5e-05
rr_cpp,316,316,1,loop,Ratrecon1_total,0.000204
rr_map,316,316,1,loop,Maple_Ratrecon,0.000187
rr_cpp_ext,317,"-","-",proc,degU=10;degM=11,3.5e-05
rr_cpp,317,317,1,loop,Ratrecon1_total,0.000204
rr_map,317,317,1,loop,Maple_Ratrecon,0.000166
rr_cpp_ext,318,"-","-",proc,degU=10;degM=11,3.5e-05
rr_cpp,318,318,1,loop,Ratrecon1_total,0.000211
rr_map,318,318,1,loop,Maple_Ratrecon,0.000162
rr_cpp_ext,319,"-","-",proc,degU=10;degM=11,3.5e-05
rr_cpp,319,319,1,loop,Ratrecon1_total,0.000207
rr_map,319,319,1,loop,Maple_Ratrecon,0.000176
rr_cpp_ext,320,"-","-",proc,degU=10;degM=11,3.6e-05
rr_cpp,320,320,1,loop,Ratrecon1_total,0.000206
rr_map,320,320,1,loop,Maple_Ratrecon,0.000176
rr_cpp_ext,321,"-","-",proc,degU=10;degM=11,3.5e-05
rr_cpp,321,321,1,loop,Ratrecon1_total,0.000205
rr_map,321,321,1,loop,Maple_Ratrecon,0.000165
rr_cpp_ext,322,"-","-",proc,degU=10;degM=11,3.3e-05
rr_cpp,322,322,1,loop,Ratrecon1_total,0.000202
rr_map,322,322,1,loop,Maple_Ratrecon,0.000171
rr_cpp_ext,323,"-","-",proc,degU=10;degM=11,3.2e-05
rr_cpp,323,323,1,loop,Ratrecon1_total,0.000216
rr_map,323,323,1,loop,Maple_Ratrecon,0.000175
rr_cpp_ext,324,"-","-",proc,degU=10;degM=11,3.3e-05
rr_cpp,324,324,1,loop,Ratrecon1_total,0.000199
rr_map,324,324,1,loop,Maple_Ratrecon,0.000153
rr_cpp_ext,325,"-","-",proc,degU=10;degM=11,3.2e-05
rr_cpp,325,325,1,loop,Ratrecon1_total,0.000199
rr_map,325,325,1,loop,Maple_Ratrecon,0.000171
rr_cpp_ext,326,"-","-",proc,degU=10;degM=11,3.4e-05
rr_cpp,326,326,1,loop,Ratrecon1_total,0.0002
rr_map,326,326,1,loop,Maple_Ratrecon,0.000205
rr_cpp_ext,327,"-","-",proc,degU=10;degM=11,3.4e-05
rr_cpp,327,327,1,loop,Ratrecon1_total,0.000203
rr_map,327,327,1,loop,Maple_Ratrecon,0.000168
rr_cpp_ext,328,"-","-",proc,degU=10;degM=11,3.2e-05
rr_cpp,328,328,1,loop,Ratrecon1_total,0.000197
rr_map,328,328,1,loop,Maple_Ratrecon,0.000157
rr_cpp_ext,329,"-","-",proc,degU=10;degM=11,3.2e-05
rr_cpp,329,329,1,loop,Ratrecon1_total,0.000199
rr_map,329,329,1,loop,Maple_Ratrecon,0.000156
rr_cpp_ext,330,"-","-",proc,degU=10;degM=11,3.2e-05
rr_cpp,330,330,1,loop,Ratrecon1_total,0.000199
rr_map,330,330,1,loop,Maple_Ratrecon,0.000182
rr_cpp_ext,331,"-","-",proc,degU=10;degM=11,3.2e-05
rr_cpp,331,331,1,loop,Ratrecon1_total,0.000198
rr_map,331,331,1,loop,Maple_Ratrecon,0.000151
rr_cpp_ext,332,"-","-",proc,degU=10;degM=11,3.4e-05
rr_cpp,332,332,1,loop,Ratrecon1_total,0.000205
rr_map,332,332,1,loop,Maple_Ratrecon,0.000171
rr_cpp_ext,333,"-","-",proc,degU=10;degM=11,3.2e-05
rr_cpp,333,333,1,loop,Ratrecon1_total,0.000199
rr_map,333,333,1,loop,Maple_Ratrecon,0.000156
rr_cpp_ext,334,"-","-",proc,degU=10;degM=11,3.2e-05
rr_cpp,334,334,1,loop,Ratrecon1_total,0.000197
rr_map,334,334,1,loop,Maple_Ratrecon,0.000185
rr_cpp_ext,335,"-","-",proc,degU=10;degM=11,3.2e-05
rr_cpp,335,335,1,loop,Ratrecon1_total,0.000215
rr_map,335,335,1,loop,Maple_Ratrecon,0.000175
rr_cpp_ext,336,"-","-",proc,degU=10;degM=11,3.2e-05
rr_cpp,336,336,1,loop,Ratrecon1_total,0.0002
rr_map,336,336,1,loop,Maple_Ratrecon,0.000196
rr_cpp_ext,337,"-","-",proc,degU=10;degM=11,3.2e-05
rr_cpp,337,337,1,loop,Ratrecon1_total,0.000199
rr_map,337,337,1,loop,Maple_Ratrecon,0.000192
rr_cpp_ext,338,"-","-",proc,degU=10;degM=11,3.3e-05
rr_cpp,338,338,1,loop,Ratrecon1_total,0.000199
rr_map,338,338,1,loop,Maple_Ratrecon,0.000174
rr_cpp_ext,339,"-","-",proc,degU=10;degM=11,3.7e-05
rr_cpp,339,339,1,loop,Ratrecon1_total,0.00024
rr_map,339,339,1,loop,Maple_Ratrecon,0.000184
rr_cpp_ext,340,"-","-",proc,degU=10;degM=11,5.5e-05
rr_cpp,340,340,1,loop,Ratrecon1_total,0.000237
rr_map,340,340,1,loop,Maple_Ratrecon,0.000152
rr_cpp_ext,341,"-","-",proc,degU=10;degM=11,3.7e-05
rr_cpp,341,341,1,loop,Ratrecon1_total,0.000229
rr_map,341,341,1,loop,Maple_Ratrecon,0.000179
rr_cpp_ext,342,"-","-",proc,degU=10;degM=11,3.7e-05
rr_cpp,342,342,1,loop,Ratrecon1_total,0.000217
rr_map,342,342,1,loop,Maple_Ratrecon,0.000161
rr_cpp_ext,343,"-","-",proc,degU=10;degM=11,3.7e-05
rr_cpp,343,343,1,loop,Ratrecon1_total,0.000222
rr_map,343,343,1,loop,Maple_Ratrecon,0.000172
rr_cpp_ext,344,"-","-",proc,degU=10;degM=11,4.8e-05
rr_cpp,344,344,1,loop,Ratrecon1_total,0.000243
rr_map,344,344,1,loop,Maple_Ratrecon,0.000169
rr_cpp_ext,345,"-","-",proc,degU=10;degM=11,3.9e-05
rr_cpp,345,345,1,loop,Ratrecon1_total,0.000216
rr_map,345,345,1,loop,Maple_Ratrecon,0.000147
rr_cpp_ext,346,"-","-",proc,degU=10;degM=11,4e-05
rr_cpp,346,346,1,loop,Ratrecon1_total,0.000215
rr_map,346,346,1,loop,Maple_Ratrecon,0.000145
rr_cpp_ext,347,"-","-",proc,degU=10;degM=11,3.9e-05
rr_cpp,347,347,1,loop,Ratrecon1_total,0.000239
rr_map,347,347,1,loop,Maple_Ratrecon,0.000143
rr_cpp_ext,348,"-","-",proc,degU=10;degM=11,3.7e-05
rr_cpp,348,348,1,loop,Ratrecon1_total,0.000233
rr_map,348,348,1,loop,Maple_Ratrecon,0.000172
rr_cpp_ext,349,"-","-",proc,degU=10;degM=11,4.6e-05
rr_cpp,349,349,1,loop,Ratrecon1_total,0.000224
rr_map,349,349,1,loop,Maple_Ratrecon,0.000149
rr_cpp_ext,350,"-","-",proc,degU=10;degM=11,3.7e-05
rr_cpp,350,350,1,loop,Ratrecon1_total,0.000216
rr_map,350,350,1,loop,Maple_Ratrecon,0.000148
rr_cpp_ext,351,"-","-",proc,degU=10;degM=11,3.8e-05
rr_cpp,351,351,1,loop,Ratrecon1_total,0.00022
rr_map,351,351,1,loop,Maple_Ratrecon,0.000162
rr_cpp_ext,352,"-","-",proc,degU=10;degM=11,5.2e-05
rr_cpp,352,352,1,loop,Ratrecon1_total,0.000259
rr_map,352,352,1,loop,Maple_Ratrecon,0.000192
rr_cpp_ext,353,"-","-",proc,degU=10;degM=11,3.9e-05
rr_cpp,353,353,1,loop,Ratrecon1_total,0.000226
rr_map,353,353,1,loop,Maple_Ratrecon,0.000157
rr_cpp_ext,354,"-","-",proc,degU=10;degM=11,3.6e-05
rr_cpp,354,354,1,loop,Ratrecon1_total,0.000219
rr_map,354,354,1,loop,Maple_Ratrecon,0.000156
rr_cpp_ext,355,"-","-",proc,degU=10;degM=11,4.9e-05
rr_cpp,355,355,1,loop,Ratrecon1_total,0.000256
rr_map,355,355,1,loop,Maple_Ratrecon,0.00016
rr_cpp_ext,356,"-","-",proc,degU=10;degM=11,3.8e-05
rr_cpp,356,356,1,loop,Ratrecon1_total,0.000228
rr_map,356,356,1,loop,Maple_Ratrecon,0.000151
rr_cpp_ext,357,"-","-",proc,degU=10;degM=11,3.8e-05
rr_cpp,357,357,1,loop,Ratrecon1_total,0.000238
rr_map,357,357,1,loop,Maple_Ratrecon,0.00015
rr_cpp_ext,358,"-","-",proc,degU=10;degM=11,3.9e-05
rr_cpp,358,358,1,loop,Ratrecon1_total,0.000219
rr_map,358,358,1,loop,Maple_Ratrecon,0.000162
rr_cpp_ext,359,"-","-",proc,degU=10;degM=11,4.1e-05
rr_cpp,359,359,1,loop,Ratrecon1_total,0.000243
rr_map,359,359,1,loop,Maple_Ratrecon,0.000148
rr_cpp_ext,360,"-","-",proc,degU=10;degM=11,4e-05
rr_cpp,360,360,1,loop,Ratrecon1_total,0.000238
rr_map,360,360,1,loop,Maple_Ratrecon,0.000166
rr_cpp_ext,361,"-","-",proc,degU=10;degM=11,4.7e-05
rr_cpp,361,361,1,loop,Ratrecon1_total,0.000237
rr_map,361,361,1,loop,Maple_Ratrecon,0.000165
rr_cpp_ext,362,"-","-",proc,degU=10;degM=11,3.9e-05
rr_cpp,362,362,1,loop,Ratrecon1_total,0.000254
rr_map,362,362,1,loop,Maple_Ratrecon,0.000149
rr_cpp_ext,363,"-","-",proc,degU=10;degM=11,4.8e-05
rr_cpp,363,363,1,loop,Ratrecon1_total,0.000245
rr_map,363,363,1,loop,Maple_Ratrecon,0.00015
rr_cpp_ext,364,"-","-",proc,degU=10;degM=11,3.8e-05
rr_cpp,364,364,1,loop,Ratrecon1_total,0.000238
rr_map,364,364,1,loop,Maple_Ratrecon,0.000168
rr_cpp_ext,365,"-","-",proc,degU=10;degM=11,3.9e-05
rr_cpp,365,365,1,loop,Ratrecon1_total,0.000249
rr_map,365,365,1,loop,Maple_Ratrecon,0.000177
rr_cpp_ext,366,"-","-",proc,degU=10;degM=11,3.9e-05
rr_cpp,366,366,1,loop,Ratrecon1_total,0.000223
rr_map,366,366,1,loop,Maple_Ratrecon,0.000148
rr_cpp_ext,367,"-","-",proc,degU=10;degM=11,3.9e-05
rr_cpp,367,367,1,loop,Ratrecon1_total,0.000226
rr_map,367,367,1,loop,Maple_Ratrecon,0.000149
rr_cpp_ext,368,"-","-",proc,degU=10;degM=11,3.8e-05
rr_cpp,368,368,1,loop,Ratrecon1_total,0.000224
rr_map,368,368,1,loop,Maple_Ratrecon,0.000188
rr_cpp_ext,369,"-","-",proc,degU=10;degM=11,3.9e-05
rr_cpp,369,369,1,loop,Ratrecon1_total,0.00025
rr_map,369,369,1,loop,Maple_Ratrecon,0.000152
rr_cpp_ext,370,"-","-",proc,degU=10;degM=11,3.7e-05
rr_cpp,370,370,1,loop,Ratrecon1_total,0.000224
rr_map,370,370,1,loop,Maple_Ratrecon,0.000148
rr_cpp_ext,371,"-","-",proc,degU=10;degM=11,3.7e-05
rr_cpp,371,371,1,loop,Ratrecon1_total,0.000228
rr_map,371,371,1,loop,Maple_Ratrecon,0.000158
rr_cpp_ext,372,"-","-",proc,degU=10;degM=11,3.7e-05
rr_cpp,372,372,1,loop,Ratrecon1_total,0.00022
rr_map,372,372,1,loop,Maple_Ratrecon,0.000186
rr_cpp_ext,373,"-","-",proc,degU=10;degM=11,3.7e-05
rr_cpp,373,373,1,loop,Ratrecon1_total,0.000216
rr_map,373,373,1,loop,Maple_Ratrecon,0.000149
rr_cpp_ext,374,"-","-",proc,degU=10;degM=11,3.8e-05
rr_cpp,374,374,1,loop,Ratrecon1_total,0.000227
rr_map,374,374,1,loop,Maple_Ratrecon,0.000152
rr_cpp_ext,375,"-","-",proc,degU=10;degM=11,4.6e-05
rr_cpp,375,375,1,loop,Ratrecon1_total,0.000247
rr_map,375,375,1,loop,Maple_Ratrecon,0.000159
rr_cpp_ext,376,"-","-",proc,degU=10;degM=11,3.9e-05
rr_cpp,376,376,1,loop,Ratrecon1_total,0.000235
rr_map,376,376,1,loop,Maple_Ratrecon,0.000177
rr_cpp_ext,377,"-","-",proc,degU=10;degM=11,3.6e-05
rr_cpp,377,377,1,loop,Ratrecon1_total,0.000218
rr_map,377,377,1,loop,Maple_Ratrecon,0.000157
rr_cpp_ext,378,"-","-",proc,degU=10;degM=11,3.6e-05
rr_cpp,378,378,1,loop,Ratrecon1_total,0.00022
rr_map,378,378,1,loop,Maple_Ratrecon,0.000167
rr_cpp_ext,379,"-","-",proc,degU=10;degM=11,3.7e-05
rr_cpp,379,379,1,loop,Ratrecon1_total,0.000221
rr_map,379,379,1,loop,Maple_Ratrecon,0.000186
rr_cpp_ext,380,"-","-",proc,degU=10;degM=11,3.7e-05
rr_cpp,380,380,1,loop,Ratrecon1_total,0.000254
rr_map,380,380,1,loop,Maple_Ratrecon,0.000157
rr_cpp_ext,381,"-","-",proc,degU=10;degM=11,4.7e-05
rr_cpp,381,381,1,loop,Ratrecon1_total,0.000257
rr_map,381,381,1,loop,Maple_Ratrecon,0.000155
rr_cpp_ext,382,"-","-",proc,degU=10;degM=11,3.5e-05
rr_cpp,382,382,1,loop,Ratrecon1_total,0.000263
rr_map,382,382,1,loop,Maple_Ratrecon,0.000164
rr_cpp_ext,383,"-","-",proc,degU=10;degM=11,5.5e-05
rr_cpp,383,383,1,loop,Ratrecon1_total,0.000291
rr_map,383,383,1,loop,Maple_Ratrecon,0.000167
rr_cpp_ext,384,"-","-",proc,degU=10;degM=11,3.9e-05
rr_cpp,384,384,1,loop,Ratrecon1_total,0.000226
rr_map,384,384,1,loop,Maple_Ratrecon,0.00016
rr_cpp_ext,385,"-","-",proc,degU=10;degM=11,4e-05
rr_cpp,385,385,1,loop,Ratrecon1_total,0.00026
rr_map,385,385,1,loop,Maple_Ratrecon,0.000157
rr_cpp_ext,386,"-","-",proc,degU=10;degM=11,5e-05
rr_cpp,386,386,1,loop,Ratrecon1_total,0.000269
rr_map,386,386,1,loop,Maple_Ratrecon,0.00016
rr_cpp_ext,387,"-","-",proc,degU=10;degM=11,4.6e-05
rr_cpp,387,387,1,loop,Ratrecon1_total,0.000297
rr_map,387,387,1,loop,Maple_Ratrecon,0.00019
rr_cpp_ext,388,"-","-",proc,degU=10;degM=11,4.3e-05
rr_cpp,388,388,1,loop,Ratrecon1_total,0.000261
rr_map,388,388,1,loop,Maple_Ratrecon,0.000188
rr_cpp_ext,389,"-","-",proc,degU=10;degM=11,4.6e-05
rr_cpp,389,389,1,loop,Ratrecon1_total,0.000292
rr_map,389,389,1,loop,Maple_Ratrecon,0.00021
rr_cpp_ext,390,"-","-",proc,degU=10;degM=11,4e-05
rr_cpp,390,390,1,loop,Ratrecon1_total,0.000249
rr_map,390,390,1,loop,Maple_Ratrecon,0.00016
rr_cpp_ext,391,"-","-",proc,degU=10;degM=11,3.7e-05
rr_cpp,391,391,1,loop,Ratrecon1_total,0.000229
rr_map,391,391,1,loop,Maple_Ratrecon,0.000162
rr_cpp_ext,392,"-","-",proc,degU=10;degM=11,3.9e-05
rr_cpp,392,392,1,loop,Ratrecon1_total,0.000234
rr_map,392,392,1,loop,Maple_Ratrecon,0.000177
rr_cpp_ext,393,"-","-",proc,degU=10;degM=11,4e-05
rr_cpp,393,393,1,loop,Ratrecon1_total,0.000237
rr_map,393,393,1,loop,Maple_Ratrecon,0.000161
rr_cpp_ext,394,"-","-",proc,degU=10;degM=11,3.9e-05
rr_cpp,394,394,1,loop,Ratrecon1_total,0.000228
rr_map,394,394,1,loop,Maple_Ratrecon,0.000156
rr_cpp_ext,395,"-","-",proc,degU=10;degM=11,3.8e-05
rr_cpp,395,395,1,loop,Ratrecon1_total,0.00024
rr_map,395,395,1,loop,Maple_Ratrecon,0.000158
rr_cpp_ext,396,"-","-",proc,degU=10;degM=11,4.1e-05
rr_cpp,396,396,1,loop,Ratrecon1_total,0.000231
rr_map,396,396,1,loop,Maple_Ratrecon,0.000178
rr_cpp_ext,397,"-","-",proc,degU=10;degM=11,3.8e-05
rr_cpp,397,397,1,loop,Ratrecon1_total,0.000238
rr_map,397,397,1,loop,Maple_Ratrecon,0.00016
rr_cpp_ext,398,"-","-",proc,degU=10;degM=11,3.8e-05
rr_cpp,398,398,1,loop,Ratrecon1_total,0.000245
rr_map,398,398,1,loop,Maple_Ratrecon,0.000159
rr_cpp_ext,399,"-","-",proc,degU=10;degM=11,3.8e-05
rr_cpp,399,399,1,loop,Ratrecon1_total,0.000226
rr_map,399,399,1,loop,Maple_Ratrecon,0.000154
rr_cpp_ext,400,"-","-",proc,degU=10;degM=11,3.9e-05
rr_cpp,400,400,1,loop,Ratrecon1_total,0.000248
rr_map,400,400,1,loop,Maple_Ratrecon,0.00018
rr_cpp_ext,401,"-","-",proc,degU=10;degM=11,4.7e-05
rr_cpp,401,401,1,loop,Ratrecon1_total,0.000848
rr_map,401,401,1,loop,Maple_Ratrecon,0.000167
rr_cpp_ext,402,"-","-",proc,degU=10;degM=11,4e-05
rr_cpp,402,402,1,loop,Ratrecon1_total,0.000259
rr_map,402,402,1,loop,Maple_Ratrecon,0.000168
rr_cpp_ext,403,"-","-",proc,degU=10;degM=11,4.3e-05
rr_cpp,403,403,1,loop,Ratrecon1_total,0.000255
rr_map,403,403,1,loop,Maple_Ratrecon,0.000205
rr_cpp_ext,404,"-","-",proc,degU=10;degM=11,4.6e-05
rr_cpp,404,404,1,loop,Ratrecon1_total,0.000277
rr_map,404,404,1,loop,Maple_Ratrecon,0.000159
rr_cpp_ext,405,"-","-",proc,degU=10;degM=11,6.2e-05
rr_cpp,405,405,1,loop,Ratrecon1_total,0.00042
rr_map,405,405,1,loop,Maple_Ratrecon,0.000211
rr_cpp_ext,406,"-","-",proc,degU=10;degM=11,5.8e-05
rr_cpp,406,406,1,loop,Ratrecon1_total,0.000325
rr_map,406,406,1,loop,Maple_Ratrecon,0.000183
rr_cpp_ext,407,"-","-",proc,degU=10;degM=11,4.4e-05
rr_cpp,407,407,1,loop,Ratrecon1_total,0.00027
rr_map,407,407,1,loop,Maple_Ratrecon,0.000181
rr_cpp_ext,408,"-","-",proc,degU=10;degM=11,4.3e-05
rr_cpp,408,408,1,loop,Ratrecon1_total,0.000274
rr_map,408,408,1,loop,Maple_Ratrecon,0.000158
rr_cpp_ext,409,"-","-",proc,degU=10;degM=11,5.1e-05
rr_cpp,409,409,1,loop,Ratrecon1_total,0.000286
rr_map,409,409,1,loop,Maple_Ratrecon,0.00016
rr_cpp_ext,410,"-","-",proc,degU=10;degM=11,4.1e-05
rr_cpp,410,410,1,loop,Ratrecon1_total,0.000241
rr_map,410,410,1,loop,Maple_Ratrecon,0.000166
rr_cpp_ext,411,"-","-",proc,degU=10;degM=11,3.8e-05
rr_cpp,411,411,1,loop,Ratrecon1_total,0.000231
rr_map,411,411,1,loop,Maple_Ratrecon,0.000147
rr_cpp_ext,412,"-","-",proc,degU=10;degM=11,4e-05
rr_cpp,412,412,1,loop,Ratrecon1_total,0.000255
rr_map,412,412,1,loop,Maple_Ratrecon,0.000154
rr_cpp_ext,413,"-","-",proc,degU=10;degM=11,3.9e-05
rr_cpp,413,413,1,loop,Ratrecon1_total,0.00024
rr_map,413,413,1,loop,Maple_Ratrecon,0.000145
rr_cpp_ext,414,"-","-",proc,degU=10;degM=11,5.2e-05
rr_cpp,414,414,1,loop,Ratrecon1_total,0.000241
rr_map,414,414,1,loop,Maple_Ratrecon,0.000168
rr_cpp_ext,415,"-","-",proc,degU=10;degM=11,4e-05
rr_cpp,415,415,1,loop,Ratrecon1_total,0.000252
rr_map,415,415,1,loop,Maple_Ratrecon,0.000161
rr_cpp_ext,416,"-","-",proc,degU=10;degM=11,4.1e-05
rr_cpp,416,416,1,loop,Ratrecon1_total,0.000231
rr_map,416,416,1,loop,Maple_Ratrecon,0.000173
rr_cpp_ext,417,"-","-",proc,degU=10;degM=11,3.9e-05
rr_cpp,417,417,1,loop,Ratrecon1_total,0.000232
rr_map,417,417,1,loop,Maple_Ratrecon,0.000161
rr_cpp_ext,418,"-","-",proc,degU=10;degM=11,4.8e-05
rr_cpp,418,418,1,loop,Ratrecon1_total,0.000239
rr_map,418,418,1,loop,Maple_Ratrecon,0.000161
rr_cpp_ext,419,"-","-",proc,degU=10;degM=11,4e-05
rr_cpp,419,419,1,loop,Ratrecon1_total,0.000229
rr_map,419,419,1,loop,Maple_Ratrecon,0.000153
rr_cpp_ext,420,"-","-",proc,degU=10;degM=11,4.1e-05
rr_cpp,420,420,1,loop,Ratrecon1_total,0.000232
rr_map,420,420,1,loop,Maple_Ratrecon,0.000179
rr_cpp_ext,421,"-","-",proc,degU=10;degM=11,5.9e-05
rr_cpp,421,421,1,loop,Ratrecon1_total,0.000231
rr_map,421,421,1,loop,Maple_Ratrecon,0.000141
rr_cpp_ext,422,"-","-",proc,degU=10;degM=11,3.6e-05
rr_cpp,422,422,1,loop,Ratrecon1_total,0.000209
rr_map,422,422,1,loop,Maple_Ratrecon,0.000164
rr_cpp_ext,423,"-","-",proc,degU=10;degM=11,3.7e-05
rr_cpp,423,423,1,loop,Ratrecon1_total,0.000208
rr_map,423,423,1,loop,Maple_Ratrecon,0.000161
rr_cpp_ext,424,"-","-",proc,degU=10;degM=11,3.5e-05
rr_cpp,424,424,1,loop,Ratrecon1_total,0.000199
rr_map,424,424,1,loop,Maple_Ratrecon,0.000142
rr_cpp_ext,425,"-","-",proc,degU=10;degM=11,3.4e-05
rr_cpp,425,425,1,loop,Ratrecon1_total,0.000205
rr_map,425,425,1,loop,Maple_Ratrecon,0.000167
rr_cpp_ext,426,"-","-",proc,degU=10;degM=11,3.4e-05
rr_cpp,426,426,1,loop,Ratrecon1_total,0.000214
rr_map,426,426,1,loop,Maple_Ratrecon,0.000146
rr_cpp_ext,427,"-","-",proc,degU=10;degM=11,3.3e-05
rr_cpp,427,427,1,loop,Ratrecon1_total,0.000218
rr_map,427,427,1,loop,Maple_Ratrecon,0.00016
rr_cpp_ext,428,"-","-",proc,degU=10;degM=11,3.5e-05
rr_cpp,428,428,1,loop,Ratrecon1_total,0.000209
rr_map,428,428,1,loop,Maple_Ratrecon,0.00015
rr_cpp_ext,429,"-","-",proc,degU=10;degM=11,3.6e-05
rr_cpp,429,429,1,loop,Ratrecon1_total,0.000271
rr_map,429,429,1,loop,Maple_Ratrecon,0.000171
rr_cpp_ext,430,"-","-",proc,degU=10;degM=11,3.7e-05
rr_cpp,430,430,1,loop,Ratrecon1_total,0.000241
rr_map,430,430,1,loop,Maple_Ratrecon,0.000169
rr_cpp_ext,431,"-","-",proc,degU=10;degM=11,3.8e-05
rr_cpp,431,431,1,loop,Ratrecon1_total,0.000221
rr_map,431,431,1,loop,Maple_Ratrecon,0.000162
rr_cpp_ext,432,"-","-",proc,degU=10;degM=11,3.9e-05
rr_cpp,432,432,1,loop,Ratrecon1_total,0.000243
rr_map,432,432,1,loop,Maple_Ratrecon,0.00018
rr_cpp_ext,433,"-","-",proc,degU=10;degM=11,4.5e-05
rr_cpp,433,433,1,loop,Ratrecon1_total,0.000247
rr_map,433,433,1,loop,Maple_Ratrecon,0.000173
rr_cpp_ext,434,"-","-",proc,degU=10;degM=11,4e-05
rr_cpp,434,434,1,loop,Ratrecon1_total,0.000233
rr_map,434,434,1,loop,Maple_Ratrecon,0.000163
rr_cpp_ext,435,"-","-",proc,degU=10;degM=11,4.1e-05
rr_cpp,435,435,1,loop,Ratrecon1_total,0.000225
rr_map,435,435,1,loop,Maple_Ratrecon,0.0002
rr_cpp_ext,436,"-","-",proc,degU=10;degM=11,3.8e-05
rr_cpp,436,436,1,loop,Ratrecon1_total,0.000231
rr_map,436,436,1,loop,Maple_Ratrecon,0.00015
rr_cpp_ext,437,"-","-",proc,degU=10;degM=11,5e-05
rr_cpp,437,437,1,loop,Ratrecon1_total,0.000255
rr_map,437,437,1,loop,Maple_Ratrecon,0.000186
rr_cpp_ext,438,"-","-",proc,degU=10;degM=11,3.9e-05
rr_cpp,438,438,1,loop,Ratrecon1_total,0.000239
rr_map,438,438,1,loop,Maple_Ratrecon,0.000145
rr_cpp_ext,439,"-","-",proc,degU=10;degM=11,3.9e-05
rr_cpp,439,439,1,loop,Ratrecon1_total,0.000211
rr_map,439,439,1,loop,Maple_Ratrecon,0.000146
rr_cpp_ext,440,"-","-",proc,degU=10;degM=11,3.9e-05
rr_cpp,440,440,1,loop,Ratrecon1_total,0.000227
rr_map,440,440,1,loop,Maple_Ratrecon,0.000154
rr_cpp_ext,441,"-","-",proc,degU=10;degM=11,4.8e-05
rr_cpp,441,441,1,loop,Ratrecon1_total,0.000244
rr_map,441,441,1,loop,Maple_Ratrecon,0.000154
rr_cpp_ext,442,"-","-",proc,degU=10;degM=11,4e-05
rr_cpp,442,442,1,loop,Ratrecon1_total,0.000234
rr_map,442,442,1,loop,Maple_Ratrecon,0.000173
rr_cpp_ext,443,"-","-",proc,degU=10;degM=11,3.7e-05
rr_cpp,443,443,1,loop,Ratrecon1_total,0.000267
rr_map,443,443,1,loop,Maple_Ratrecon,0.000187
rr_cpp_ext,444,"-","-",proc,degU=10;degM=11,3.6e-05
rr_cpp,444,444,1,loop,Ratrecon1_total,0.000216
rr_map,444,444,1,loop,Maple_Ratrecon,0.000166
rr_cpp_ext,445,"-","-",proc,degU=10;degM=11,3.7e-05
rr_cpp,445,445,1,loop,Ratrecon1_total,0.00022
rr_map,445,445,1,loop,Maple_Ratrecon,0.000156
rr_cpp_ext,446,"-","-",proc,degU=10;degM=11,3.8e-05
rr_cpp,446,446,1,loop,Ratrecon1_total,0.000232
rr_map,446,446,1,loop,Maple_Ratrecon,0.000191
rr_cpp_ext,447,"-","-",proc,degU=10;degM=11,3.7e-05
rr_cpp,447,447,1,loop,Ratrecon1_total,0.000201
rr_map,447,447,1,loop,Maple_Ratrecon,0.000176
rr_cpp_ext,448,"-","-",proc,degU=10;degM=11,3.6e-05
rr_cpp,448,448,1,loop,Ratrecon1_total,0.000216
rr_map,448,448,1,loop,Maple_Ratrecon,0.000169
rr_cpp_ext,449,"-","-",proc,degU=10;degM=11,3.5e-05
rr_cpp,449,449,1,loop,Ratrecon1_total,0.00021
rr_map,449,449,1,loop,Maple_Ratrecon,0.000164
rr_cpp_ext,450,"-","-",proc,degU=10;degM=11,3.6e-05
rr_cpp,450,450,1,loop,Ratrecon1_total,0.000226
rr_map,450,450,1,loop,Maple_Ratrecon,0.000189
rr_cpp_ext,451,"-","-",proc,degU=10;degM=11,3.3e-05
rr_cpp,451,451,1,loop,Ratrecon1_total,0.000249
rr_map,451,451,1,loop,Maple_Ratrecon,0.000197
rr_cpp_ext,452,"-","-",proc,degU=10;degM=11,3.7e-05
rr_cpp,452,452,1,loop,Ratrecon1_total,0.000232
rr_map,452,452,1,loop,Maple_Ratrecon,0.000161
rr_cpp_ext,453,"-","-",proc,degU=10;degM=11,4.7e-05
rr_cpp,453,453,1,loop,Ratrecon1_total,0.000274
rr_map,453,453,1,loop,Maple_Ratrecon,0.000191
rr_cpp_ext,454,"-","-",proc,degU=10;degM=11,5.5e-05
rr_cpp,454,454,1,loop,Ratrecon1_total,0.000399
rr_map,454,454,1,loop,Maple_Ratrecon,0.000185
rr_cpp_ext,455,"-","-",proc,degU=10;degM=11,3.9e-05
rr_cpp,455,455,1,loop,Ratrecon1_total,0.000282
rr_map,455,455,1,loop,Maple_Ratrecon,0.000163
rr_cpp_ext,456,"-","-",proc,degU=10;degM=11,4.2e-05
rr_cpp,456,456,1,loop,Ratrecon1_total,0.000249
rr_map,456,456,1,loop,Maple_Ratrecon,0.000163
rr_cpp_ext,457,"-","-",proc,degU=10;degM=11,3.7e-05
rr_cpp,457,457,1,loop,Ratrecon1_total,0.000218
rr_map,457,457,1,loop,Maple_Ratrecon,0.000212
rr_cpp_ext,458,"-","-",proc,degU=10;degM=11,3.7e-05
rr_cpp,458,458,1,loop,Ratrecon1_total,0.000223
rr_map,458,458,1,loop,Maple_Ratrecon,0.000179
rr_cpp_ext,459,"-","-",proc,degU=10;degM=11,3.8e-05
rr_cpp,459,459,1,loop,Ratrecon1_total,0.000244
rr_map,459,459,1,loop,Maple_Ratrecon,0.000197
rr_cpp_ext,460,"-","-",proc,degU=10;degM=11,3.9e-05
rr_cpp,460,460,1,loop,Ratrecon1_total,0.000244
rr_map,460,460,1,loop,Maple_Ratrecon,0.000175
rr_cpp_ext,461,"-","-",proc,degU=10;degM=11,4.8e-05
rr_cpp,461,461,1,loop,Ratrecon1_total,0.000316
rr_map,461,461,1,loop,Maple_Ratrecon,0.00017
rr_cpp_ext,462,"-","-",proc,degU=10;degM=11,4.4e-05
rr_cpp,462,462,1,loop,Ratrecon1_total,0.000264
rr_map,462,462,1,loop,Maple_Ratrecon,0.000163
rr_cpp_ext,463,"-","-",proc,degU=10;degM=11,4e-05
rr_cpp,463,463,1,loop,Ratrecon1_total,0.000275
rr_map,463,463,1,loop,Maple_Ratrecon,0.000163
rr_cpp_ext,464,"-","-",proc,degU=10;degM=11,3.9e-05
rr_cpp,464,464,1,loop,Ratrecon1_total,0.000246
rr_map,464,464,1,loop,Maple_Ratrecon,0.00021
rr_cpp_ext,465,"-","-",proc,degU=10;degM=11,4e-05
rr_cpp,465,465,1,loop,Ratrecon1_total,0.000267
rr_map,465,465,1,loop,Maple_Ratrecon,0.000227
rr_cpp_ext,466,"-","-",proc,degU=10;degM=11,3.9e-05
rr_cpp,466,466,1,loop,Ratrecon1_total,0.000282
rr_map,466,466,1,loop,Maple_Ratrecon,0.000165
rr_cpp_ext,467,"-","-",proc,degU=10;degM=11,4.8e-05
rr_cpp,467,467,1,loop,Ratrecon1_total,0.000266
rr_map,467,467,1,loop,Maple_Ratrecon,0.000199
rr_cpp_ext,468,"-","-",proc,degU=10;degM=11,3.8e-05
rr_cpp,468,468,1,loop,Ratrecon1_total,0.000264
rr_map,468,468,1,loop,Maple_Ratrecon,0.000191
rr_cpp_ext,469,"-","-",proc,degU=10;degM=11,4.7e-05
rr_cpp,469,469,1,loop,Ratrecon1_total,0.000248
rr_map,469,469,1,loop,Maple_Ratrecon,0.000202
rr_cpp_ext,470,"-","-",proc,degU=10;degM=11,3.8e-05
rr_cpp,470,470,1,loop,Ratrecon1_total,0.000237
rr_map,470,470,1,loop,Maple_Ratrecon,0.000189
rr_cpp_ext,471,"-","-",proc,degU=10;degM=11,3.7e-05
rr_cpp,471,471,1,loop,Ratrecon1_total,0.000241
rr_map,471,471,1,loop,Maple_Ratrecon,0.000157
rr_cpp_ext,472,"-","-",proc,degU=10;degM=11,3.8e-05
rr_cpp,472,472,1,loop,Ratrecon1_total,0.000268
rr_map,472,472,1,loop,Maple_Ratrecon,0.000175
rr_cpp_ext,473,"-","-",proc,degU=10;degM=11,3.9e-05
rr_cpp,473,473,1,loop,Ratrecon1_total,0.000283
rr_map,473,473,1,loop,Maple_Ratrecon,0.000169
rr_cpp_ext,474,"-","-",proc,degU=10;degM=11,4.8e-05
rr_cpp,474,474,1,loop,Ratrecon1_total,0.000284
rr_map,474,474,1,loop,Maple_Ratrecon,0.000164
rr_cpp_ext,475,"-","-",proc,degU=10;degM=11,4.2e-05
rr_cpp,475,475,1,loop,Ratrecon1_total,0.000255
rr_map,475,475,1,loop,Maple_Ratrecon,0.000162
rr_cpp_ext,476,"-","-",proc,degU=10;degM=11,3.7e-05
rr_cpp,476,476,1,loop,Ratrecon1_total,0.000227
rr_map,476,476,1,loop,Maple_Ratrecon,0.00016
rr_cpp_ext,477,"-","-",proc,degU=10;degM=11,4e-05
rr_cpp,477,477,1,loop,Ratrecon1_total,0.000251
rr_map,477,477,1,loop,Maple_Ratrecon,0.000168
rr_cpp_ext,478,"-","-",proc,degU=10;degM=11,4.2e-05
rr_cpp,478,478,1,loop,Ratrecon1_total,0.000267
rr_map,478,478,1,loop,Maple_Ratrecon,0.000213
rr_cpp_ext,479,"-","-",proc,degU=10;degM=11,6e-05
rr_cpp,479,479,1,loop,Ratrecon1_total,0.00026
rr_map,479,479,1,loop,Maple_Ratrecon,0.000165
rr_cpp_ext,480,"-","-",proc,degU=10;degM=11,4.2e-05
rr_cpp,480,480,1,loop,Ratrecon1_total,0.000241
rr_map,480,480,1,loop,Maple_Ratrecon,0.000161
rr_cpp_ext,481,"-","-",proc,degU=10;degM=11,3.7e-05
rr_cpp,481,481,1,loop,Ratrecon1_total,0.000227
rr_map,481,481,1,loop,Maple_Ratrecon,0.000179
rr_cpp_ext,482,"-","-",proc,degU=10;degM=11,3.6e-05
rr_cpp,482,482,1,loop,Ratrecon1_total,0.000221
rr_map,482,482,1,loop,Maple_Ratrecon,0.000179
rr_cpp_ext,483,"-","-",proc,degU=10;degM=11,4e-05
rr_cpp,483,483,1,loop,Ratrecon1_total,0.000286
rr_map,483,483,1,loop,Maple_Ratrecon,0.000206
rr_cpp_ext,484,"-","-",proc,degU=10;degM=11,5.8e-05
rr_cpp,484,484,1,loop,Ratrecon1_total,0.000285
rr_map,484,484,1,loop,Maple_Ratrecon,0.000176
rr_cpp_ext,485,"-","-",proc,degU=10;degM=11,3.8e-05
rr_cpp,485,485,1,loop,Ratrecon1_total,0.000249
rr_map,485,485,1,loop,Maple_Ratrecon,0.00017
rr_cpp_ext,486,"-","-",proc,degU=10;degM=11,3.8e-05
rr_cpp,486,486,1,loop,Ratrecon1_total,0.000246
rr_map,486,486,1,loop,Maple_Ratrecon,0.000201
rr_cpp_ext,487,"-","-",proc,degU=10;degM=11,4.5e-05
rr_cpp,487,487,1,loop,Ratrecon1_total,0.000307
rr_map,487,487,1,loop,Maple_Ratrecon,0.000201
rr_cpp_ext,488,"-","-",proc,degU=10;degM=11,4.2e-05
rr_cpp,488,488,1,loop,Ratrecon1_total,0.000269
rr_map,488,488,1,loop,Maple_Ratrecon,0.000176
rr_cpp_ext,489,"-","-",proc,degU=10;degM=11,4.6e-05
rr_cpp,489,489,1,loop,Ratrecon1_total,0.00027
rr_map,489,489,1,loop,Maple_Ratrecon,0.000173
rr_cpp_ext,490,"-","-",proc,degU=10;degM=11,6.9e-05
rr_cpp,490,490,1,loop,Ratrecon1_total,0.000294
rr_map,490,490,1,loop,Maple_Ratrecon,0.000164
rr_cpp_ext,491,"-","-",proc,degU=10;degM=11,4.1e-05
rr_cpp,491,491,1,loop,Ratrecon1_total,0.000268
rr_map,491,491,1,loop,Maple_Ratrecon,0.000211
rr_cpp_ext,492,"-","-",proc,degU=10;degM=11,3.9e-05
rr_cpp,492,492,1,loop,Ratrecon1_total,0.000257
rr_map,492,492,1,loop,Maple_Ratrecon,0.000193
rr_cpp_ext,493,"-","-",proc,degU=10;degM=11,3.6e-05
rr_cpp,493,493,1,loop,Ratrecon1_total,0.000239
rr_map,493,493,1,loop,Maple_Ratrecon,0.000176
rr_cpp_ext,494,"-","-",proc,degU=10;degM=11,3.7e-05
rr_cpp,494,494,1,loop,Ratrecon1_total,0.000238
rr_map,494,494,1,loop,Maple_Ratrecon,0.000168
factor,1,"-","-",proc,tdim=247,0.713435
factor,2,"-","-",proc,tdim=247,0.678712
vsolve_cpp_ext,1,"-","-",proc,t=247,0.008569
vsolve_cpp,1,"-","-",numer,count=247,0.009458
vsolve_cpp_ext,2,"-","-",proc,t=247,0.008323
vsolve_cpp,2,"-","-",denom,count=247,0.00916
vsolve_map,1,"-","-",numer,count=247,0.201698
vsolve_map,2,"-","-",denom,count=247,0.120034
